vestibular,questÃ£o,alternativa_a,alternativa_b,alternativa_c,alternativa_d,alternativa_e,alternativa_correta,area_conhecimento,alternativa escolhida pela ia,modelo,processing time,temperature used during test
ITA 2026,"QuestÃ£o 5. Uma circunferÃªncia Ã© dividida em seis partes iguais pelos pontos A, B, C, D.
E, F, designados nessa ordem. Os pontos R. C, E sÃ£o vÃ©rtices de um triÃ¢ngulo equilÃ¡tero, os pontos B. D. F sÃ£o vÃ©rtices de um segundo triÃ¢ngulo equilÃ¡tero. A sobreposiÃ§Ã£o desses dois triÃ¢ngulos define uma estrela de seis pontas denominada hexagrama. Se a Ã¡rea desse hexagrama Ã© 25v3 cm', entÃ£o a Ã¡rea do quadrado inscrito na circunferÃªncia mede
",20cm ao quadrado ,25cm ao quadrado ,40cm ao quadrado ,50cm ao quadrado ,75 cm ao quadrado ,D,MatemÃ¡tica,A,gemini/gemini-2.5-flash,31.7473,0.5
ITA 2026,"QuestÃ£o 43. Na passagem ""Fellow teachers nationwide face the same challenge, which explains why more states and districts are moving to limit or outright ban cellphones in the classroom"", a palavra OUTRIGHT pode ser substituida, sem prejuizo de sentido, por",partial., legal.,thorough.,confined.,illicit.,C,InglÃªs,C,gemini/gemini-2.5-flash,8.1412,0.5
ITA 2026,"QuestÃ£o 19. Em um escritÃ³rio, trabalham 10 funcionÃ¡rios de segunda a sexta, em um regime de oito horas por dia. Diariamente o ar-condicionado Ã© ligado para manter o local de trabalho a 17Â°C, sendo que o ambiente externo estÃ¡ a uma temperatura de 37 Â°C.
Considere que o ar-condicionado funcione com mÃ¡xima eficiÃªncia e que ele age apenas para retirar o calor gerado pelas pessoas, que Ã© de 100 W por funcionÃ¡rio. Sabendo que a tarifa da energia elÃ©trica Ã© de R$ 0,91 por kWh, assinale o custo aproximado para usar o ar-condicionado durante 4 semanas.","R$ 8,00.","R$ 10,00"," R$ 14,00.","R$ 80,00."," R$ 170,00.",B,FÃ­sica,P,gemini/gemini-2.5-flash,22.0447,0.5
ITA 2026,"QuestÃ£o 44. Referring to the establishment of a national youth mental health crisis, U.S.
Surgeon General Vivek Murthy stated: ""I am concerned that social media is an important driver of that crisis, one that we must urgently address"". In this sentence, the modal verb MUST indicates",a possibility that addressing the crisis may happen, a necessity to act regarding the crisis.,an ability to address the matter at any time.,a recommendation to act regarding the matter.,a request for people to recognize the relevance of the matter.,B,InglÃªs,B,gemini/gemini-2.5-flash,8.2008,0.5
ITA 2025,"Questao 3. Ëœ No trecho â€œ[...] num mundo em que foguetes sao o que alimentam as ambi Ëœ cÂ¸oes Ëœ das pessoas que saem pela porta da caverna.â€, Neil deGrasse Tyson faz uso de um processo de intertextualidade denominado",CitaÃ§Ã£o direta: transcriÃ§Ã£o de trechos autÃªnticos do original.,CitaÃ§Ã£o indireta: referÃªncia aos trechos autÃªnticos do original.,ParÃ¡frase: uso em estilo prÃ³prio da referÃªncia original.," AlusÃ£o: menÃ§Ã£o ao texto original, de forma livre e generalista.", PlÃ¡gio: cÃ³pia com a intenÃ§Ã£o de apropriar-se da ideia original.,D,PortuguÃªs,D,gemini/gemini-2.5-flash,8.3575,0.5
ITA 2025,"QuestÃ£o 11. ExpressÃµes aforÃ­sticas sÃ£o frequentes na obra de Vieira. Aforismo Ã© sentenÃ§a que explicita um conceito moral, assemelhando-se a um ditado. Assinale a alternativa em que NÃƒO se concretiza essa intenÃ§Ã£o.","Roubar pouco Ã© culpa, roubar muito Ã© grandeza. O roubar com pouco poder faz os
piratas, o roubar com muito, os Alexandres.","""A Ãºltima dificuldade, e o maior perigo e aperto da morte Ã© ser momentÃ¢nea.""","A vida Ã© uma lÃ¢mpada acesa, vidro e fogo. Vidro que com um sopro se faz e fogo
que com um sopro se apaga.","A vaidade entre os vÃ­cios Ã© o pescador mais astuto e que mais facilmente engana os
homens.","Quem quer mais do que lhe convÃ©m, perde o que quer e o que tem. Quem pode
nadar e quer voar, tempo virÃ¡ em que nÃ£o voe nem nade.",B,PortuguÃªs,B,gemini/gemini-2.5-flash,9.1151,0.5
ITA 2025,"QuestÃ£o 12. A respeito do poema e do estilo de Castro Alves, assinale a alternativa
INCORRETA", O excerto caracteriza o Romantismo de evasÃ£o.,"O verso ""Que a brisa do Brasil beija e balanÃ§a"" apresenta aliteraÃ§Ã£o",A pontuaÃ§Ã£o expressiva ilustra o estilo condoreiro do autor.,O poeta pertence Ã  terceira geraÃ§Ã£o da poesia romÃ¢ntica brasileira.,O Ã­mpeto declamatÃ³rio caracteriza o estilo do poeta.,A,PortuguÃªs,A,gemini/gemini-2.5-flash,11.8348,0.5
ITA 2026,"QuestÃ£o 47. In the extract ""The former searches for differences; the latter is quick to erase them."", the terms FORMER and LATTER refer respectively to A ( ) human intelligence and artificial intelligence.", human intelligence and artificial intelligence.,artificial intelligence and human intelligence., the Chilean psychoanalyst and his bi-logic theory,the logic of formal reasoning and the logic of emotion.,the logic of emotion and the logic of formal reasoning.,D,InglÃªs,A,gemini/gemini-2.5-flash,12.2,0.5
ITA 2026,"QuestÃ£o 26. Considere as seguintes afirmaÃ§Ãµes:
I. A primeira energia de ionizaÃ§Ã£o do Ã¡tomo de NitrogÃªnio Ã© menor que a primeira energia de ionizaÃ§Ã£o do Ã¡tomo de OxigÃªnio.
II.
III.
O ion Rb* tem menor raio iÃ´nico que o Sr2*.
A molÃ©cula CH2O apresenta geometria trigonal plana e Ã© apolar.
IV. A molÃ©cula PCis apresenta geometria bipirÃ¢mide trigonal e Ã© polar.
Das afirmativas acima, estÃ¡(Ã£o) CORRETA(S)",apenas | e II.,apenas II e III.,apenas | e IV.,apenas | e IV.,nenhuma.,E,QuÃ­mica,A,gemini/gemini-2.5-flash,22.2021,0.5
ITA 2026,"QuestÃ£o 36. Considere a seguinte reaÃ§Ã£o quÃ­mica hipotÃ©tica, que ocorre em fase gasosa:
2X(g) + W(g) â†’ Y(g) + Z(g).
Um reator de volume fixo e temperatura constante foi alimentado com 36 atm de
uma mistura gasosa composta de X, W e uma substÃ¢ncia inerte I, na proporÃ§Ã£o molar
X:W:l igual a 3:2:1. Assinale a alternativa que apresenta a pressÃ£o interna no reator (em atm) quando 75% do reagente W forem consumidos.",18,24,27,30,33,C,QuÃ­mica,P,gemini/gemini-2.5-flash,13.0812,0.5
FUVEST 26,"O Brasil Ã© o lÃ­der mundial em reciclagem de alumÃ­nio, atingindo
nÃºmeros prÃ³ximos a 99% de latas recicladas no ano de 2021.
Essas latas, jÃ¡ utilizadas para refrigerantes, cervejas,
energÃ©ticos, agora comeÃ§am a trazer tambÃ©m Ã¡gua mineral
em seu interior.
Considere que uma empresa deseja envasar 350 mL de Ã¡gua
em uma lata de alumÃ­nio de formato cilÃ­ndrico e que, por
razÃµes prÃ¡ticas como manuseio e custo do material, o
diÃ¢metro da base dessa lata deve ter entre 5 cm e 8 cm.
Qual serÃ¡, aproximadamente, em centÃ­metros, a menor altura
possÃ­vel da lata?",5,7,13,18,28,B,MATEMÃTICA,B,gemini/gemini-2.5-flash,9.1711,0.5
FUVEST 26,"Considere a equaÃ§Ã£o trigonomÃ©trica
ğ‘ ğ‘’ğ‘› ğœ‹
2 + ğ‘ ğ‘’ğ‘› ğ‘¥ = ğ‘ ğ‘’ğ‘› (2ğ‘¥) âˆ’ cos ğœ‹
paraÂ¬Â¬ğ‘¥âˆˆâ„, 0 â‰¤ ğ‘¥ < 2ğœ‹.
Um estudante resolveu essa equaÃ§Ã£o da seguinte maneira:
ğ‘ ğ‘’ğ‘› ğœ‹
2 + ğ‘ ğ‘’ğ‘› ğ‘¥ = ğ‘ ğ‘’ğ‘› (2ğ‘¥) âˆ’ cos ğœ‹
1 + ğ‘ ğ‘’ğ‘› ğ‘¥ = ğ‘ ğ‘’ğ‘› (2ğ‘¥) + 1
ğ‘ ğ‘’ğ‘› ğ‘¥ = ğ‘ ğ‘’ğ‘› (2ğ‘¥)
ğ‘ ğ‘’ğ‘› ğ‘¥ = 2ğ‘ ğ‘’ğ‘› ğ‘¥
2ğ‘ ğ‘’ğ‘› ğ‘¥ âˆ’ ğ‘ ğ‘’ğ‘› ğ‘¥ = 0
ğ‘ ğ‘’ğ‘› ğ‘¥ = 0
ğ‘¥ = 0 ğ‘œğ‘¢ ğ‘¥ = ğœ‹
A resoluÃ§Ã£o apresentada pelo estudante estÃ¡ errada, pois ele",considerou que cos ğœ‹ vale 1.,"nÃ£o considerou as infinitas voltas no ciclo trigonomÃ©trico
para a resposta.",considerou que sen pi/2 vale 1,nÃ£o utilizou corretamente o seno da soma de dois arcos.,apresentou duas respostas e nÃ£o apenas uma.,D,MATEMÃTICA,A,gemini/gemini-2.5-flash,16.5708,0.5
FUVEST 26,"A rega e o zelo geraram uma infinidade de seres que
descobria nos dedos ao mexer na terra: minhocas, besouros
verdes, bichos-de-conta.
Djaimilia Pereira de Almeida. A visÃ£o das plantas.
Na obra A visÃ£o das plantas (2021) sÃ£o descritas
caracterÃ­sticas dos animais e das plantas no jardim cuidado
por Celestino. Nesta frase, sÃ£o citados animais que pertencem
a diferentes grupos de invertebrados, como as minhocas
(anelÃ­deos), os besouros (insetos) e os bichos-de-conta
(crustÃ¡ceos), tambÃ©m conhecidos como tatuzinhos de jardim.
Assinale a alternativa que apresenta corretamente a
informaÃ§Ã£o sobre o sistema respiratÃ³rio destes grup"," Os besouros e os bichos-de-conta apresentam respiraÃ§Ã£o
traqueal, sendo a umidade do solo importante em ambos
os casos.","As minhocas apresentam respiraÃ§Ã£o cutÃ¢nea e os
besouros apresentam respiraÃ§Ã£o traqueal, sendo a
umidade do solo importante em ambos os casos.","Os besouros apresentam respiraÃ§Ã£o traqueal e os bichosde-conta apresentam respiraÃ§Ã£o pulmonar, e a umidade
do solo nÃ£o Ã© importante na respiraÃ§Ã£o destes animais.","As minhocas, os besouros e os bichos-de-conta
apresentam respiraÃ§Ã£o branquial, sendo a umidade do
solo importante na respiraÃ§Ã£o dos trÃªs animais.","As minhocas, os besouros e os bichos-de-conta
apresentam respiraÃ§Ã£o pulmonar, e a umidade do solo nÃ£o
Ã© importante na respiraÃ§Ã£o dos trÃªs animais.",C,BIOLOGIA,A,gemini/gemini-2.5-flash,34.703,0.5
FUVEST 26,"Quando no dia seguinte, tambÃ©m no final da tarde, Fio
Jasmim se dirigiu para a pequena joalheria, ele pensou em ser
mais cuidadoso ao pronunciar qualquer nome de mulher perto
de Dolores dos Santos. Quando contou o incidente para os
companheiros maquinistas, os mais velhos riram dele e
perguntaram qual o motivo de ele estar tÃ£o preocupado com
a pequena distraÃ§Ã£o cometida. Nem ele sabia bem o porquÃª.
Entretanto, nÃ£o gostava de pronunciar o nome da esposa para
outras mulheres. A de casa Ã© santa, pensava ele. Se ele
tivesse dito pelo menos Juventina, seria mais fÃ¡cil explicar.
Assustado com o prÃ³prio pensamento, Fio Jasmim nÃ£o
entendia o que estava se passando com ele. Estaria por acaso
pensando em alguma conquista? Ouvira dizer que ela era uma
mulher namoradeira, mas que nÃ£o parava com homem algum,
tinha um gÃªnio indomÃ¡vel. Todas essas consideraÃ§Ãµes nÃ£o lhe
importavam, nÃ£o estava interessado na mulher. Mas e se ela
estivesse interessada nele...
ConceiÃ§Ã£o Evaristo. CanÃ§Ã£o para ninar menino grande.
No romance de ConceiÃ§Ã£o Evaristo, Fio Jasmim, por meio de
suas viagens, Ã© o elo que agrega as vÃ¡rias personagens
femininas que se relacionam com ele. De acordo com essa
consideraÃ§Ã£o, Fio Jasmim","atende a uma forma de masculinidade que rompe com os
estereÃ³tipos, expressando uma identidade inovadora e
desvinculada das expectativas sociais."," relaciona-se com as personagens femininas de maneira
igualitÃ¡ria e com respeito mÃºtuo, que nÃ£o correspondem
Ã s dinÃ¢micas de poder desiguais.","reproduz uma masculinidade estereotipada por meio de
atitudes que, em larga medida, atendem Ã s expectativas
sociais e culturais, reproduzindo estereÃ³tipos do gÃªnero."," resiste a expectativas internas e externas, o que subverte
um esperado comportamento masculino","sente culpa e arrependimento por seu comportamento
com mulheres, apesar de reforÃ§ar ideais de virilidade e
dominaÃ§Ã£o do estereÃ³tipo da masculinidade.",C,LITERATURA/LÃNGUA PORTUGUESA,A,gemini/gemini-2.5-flash,18.3787,0.5
FUVEST 26,"O processo de corrosÃ£o do aÃ§o Ã© favorecido em ambientes Ãºmidos e Ã¡cidos. Para evitar a corrosÃ£o de superfÃ­cies de aÃ§o Ã© comum utilizar Ã³leos para impedir o contato da umidade do ar com a superfÃ­cie. Nos casos em que o uso de Ã³leo nÃ£o Ã© conveniente, Ã© possÃ­vel criar uma camada de NaOH(s) na superfÃ­cie do metal aplicando uma soluÃ§Ã£o aquosa relativamente concentrada desta base sobre a ferramenta e deixando a soluÃ§Ã£o secar por completo. Esse tipo de tratamento com hidrÃ³xido de sÃ³dio Ã© efetivo em ambientes com elevada acidez pois, caso a Ã¡gua entre em contato com a superfÃ­cie tratada, ela","serÃ¡ repelida pela camada hidrofÃ³bica de hidrÃ³xido de
sÃ³dio, evitando o contato direto da Ã¡gua com o metal e sua
oxidaÃ§Ã£o.","olubilizarÃ¡ o hidrÃ³xido de sÃ³dio, que neutralizarÃ¡ o Ã¡cido
presente na Ã¡gua que poderia induzir o processo de
oxidaÃ§Ã£o na superfÃ­cie do metal.","serÃ¡ oxidada pelo hidrÃ³xido de sÃ³dio, gerando sua forma
reduzida que, em contato com a superfÃ­cie do metal,
impede o processo de corrosÃ£o.","gerarÃ¡ um acÃºmulo de Ã¡gua na superfÃ­cie hidrofÃ­lica da
camada de hidrÃ³xido de sÃ³dio, impedindo sua
solubilizaÃ§Ã£o e a consequente formaÃ§Ã£o de Ã¡cido.","reagirÃ¡ diretamente com o sÃ³dio do hidrÃ³xido de sÃ³dio, jÃ¡
que este atuarÃ¡ como metal de sacrifÃ­cio, sofrendo
oxidaÃ§Ã£o e protegendo a superfÃ­cie metÃ¡lica.",B,QUÃMICA,B,gemini/gemini-2.5-flash,9.4559,0.5
FUVEST 26,"Os grotÃµes transformaram-se em jardins cortados a meio
pelas avenidas e pela sombra dos viadutos nÃ£o hÃ¡ mais sapo.
Nos jardins encontrareis recintos fechados com instrutoras,
dentistas, educadoras sanitÃ¡rias dentro. SÃ£o os parques
infantis, onde as crianÃ§as proletÃ¡rias se socializam
aprendendo nos brinquedos o cooperativismo e a consciÃªncia
do homem social.
MÃ¡rio de Andrade. â€œDia de SÃ£o Pauloâ€. Revista do Arquivo
Municipal. SÃ£o Paulo: Departamento de Cultura, 1936, nÂº 19.
O excerto relata alteraÃ§Ãµes na paisagem urbana paulistana
com a implantaÃ§Ã£o de novos equipamentos que visavam","substituir o ambiente degradado e nocivo dos cortiÃ§os e
vilas operÃ¡rias por espaÃ§os pÃºblicos marcados pela flora
da Mata AtlÃ¢ntica."," disciplinar o lazer das crianÃ§as com a introduÃ§Ã£o de
noÃ§Ãµes de saÃºde preventiva e de atividades racionais e
pedagÃ³gicas","produzir formas de ajustamento social que afastassem os
jovens do Ã³cio e dos vÃ­cios, por meio da educaÃ§Ã£o
profissionalizante","promover valores cristÃ£os atravÃ©s da evangelizaÃ§Ã£o e do
assistencialismo baseado na caridade e na recreaÃ§Ã£o.","organizar um novo programa escolar voltado para as
crianÃ§as proletÃ¡rias, adotando uma pedagogia pautada no
nacionalismo e civismo.",B,GEOGRAFIA,A,gemini/gemini-2.5-flash,13.6059,0.5
FUVEST 26,"Uma startup de tecnologia estÃ¡ desenvolvendo um novo
aplicativo e observa que o nÃºmero de usuÃ¡rios estÃ¡
crescendo, em milhares, apÃ³s t semanas do lanÃ§amento, de
acordo com a funÃ§Ã£o:
ğ‘€(ğ‘¡) = 200 Ã— ((1,1) elevado a t))
Com isso, a equipe da startup quer saber: qual Ã© o perÃ­odo,
em semanas, em que o nÃºmero de usuÃ¡rios ultrapassa
300 mil? Note e adote:
ğ‘™ğ‘œğ‘” 3 â‰… 0,4771 ; ğ‘™ğ‘œğ‘” 5 â‰… 0,6990 e ğ‘™ğ‘œğ‘” 11 â‰… 1,0414",Entre 0 e 1 semana,Entre 1 e 3 semanas.,Entre 2 e 4 semanas., Entre 3 e 4 semanas.,Entre 4 e 6 semanas.,E,MATEMÃTICA,A,gemini/gemini-2.5-flash,20.4095,0.5
FUVEST 26,"A jornada das mulheres pela igualdade de direitos no Brasil,
como em outras partes do mundo, sempre envolveu lutas
sociais, polÃ­ticas e jurÃ­dicas, com marcos importantes como a
Lei Geral de 1827, que permitiu o acesso das mulheres Ã 
educaÃ§Ã£o, e a ConstituiÃ§Ã£o de 1934, que garantiu o direito ao
voto feminino. A partir da dÃ©cada de 1960, houve avanÃ§os
significativos, como o Estatuto da Mulher Casada (1962), que
eliminou a necessidade de receber autorizaÃ§Ã£o do marido
para diversas atividades, e, na dÃ©cada de 1970, a Lei do
DivÃ³rcio (1977) e o fortalecimento dos movimentos feministas.
As obras Caminho de pedras, de Rachel de Queiroz, e As
meninas, de Lygia Fagundes Telles, discutem questÃµes
relativas aos direitos das mulheres e sua relaÃ§Ã£o com a polÃ­tica
ao longo do sÃ©culo XX no Brasil. Sobre esses romances, Ã©
correto afirmar:","Em Caminho de pedras, Rachel de Queiroz relaciona a luta
pelos direitos da mulher Ã  legalizaÃ§Ã£o do divÃ³rcio no Brasil,
enquanto As meninas constitui um libelo pela educaÃ§Ã£o
feminina no perÃ­odo final da Era Vargas.","As personagens Angelita, de Caminho de pedras, e Ana
Clara, de As meninas, impactam a vida dos protagonistas
de seus romances e representam a transformaÃ§Ã£o da
condiÃ§Ã£o social das mulheres ao romperem com a
configuraÃ§Ã£o familiar tradicional.","Em Caminho de pedras e em As meninas, a polÃ­tica
(militÃ¢ncia de esquerda) e a religiÃ£o (internato de freiras)
sÃ£o instituiÃ§Ãµes que, em vez de contribuÃ­rem para a revisÃ£o
de valores morais e para a emancipaÃ§Ã£o feminina,
aprofundam os mecanismos de controle social sobre as
mulheres."," Tanto Caminho de pedras quanto As meninas relacionam
o exercÃ­cio da polÃ­tica coletiva (militÃ¢ncia de esquerda, luta
contra a ditadura militar) Ã  polÃ­tica exercida em nÃ­vel da
vida privada e do cotidiano, por meio da trajetÃ³ria de
personagens femininas que desafiam padrÃµes sociais
estabelecidos.","Tanto Caminho de pedras quanto As meninas exercem
uma crÃ­tica Ã  chamada â€œmulher burguesaâ€. O romance de
Rachel de Queiroz narra os desdobramentos do desejo de
ascensÃ£o social de Noemi, enquanto o de Lygia Fagundes
Telles detalha o apego de Lorena Ã  instituiÃ§Ã£o do
casamento.",D,HISTÃ“RIA/LITERATURA,A,gemini/gemini-2.5-flash,18.6861,0.5
FUVEST 26,"Para uma atividade de campo voltada Ã  valorizaÃ§Ã£o do
patrimÃ´nio histÃ³rico e cultural, professores de geografia
levaram seus estudantes a um parque temÃ¡tico de
monumentos geogrÃ¡ficos. Eles visitaram a rÃ©plica de uma
pirÃ¢mide regular de base quadrada com vÃ©rtice a 18 metros
de altura em relaÃ§Ã£o ao centro da base. As faces da pirÃ¢mide
estÃ£o voltadas para as direÃ§Ãµes norte, sul, leste e oeste. Para
acessar o vÃ©rtice da pirÃ¢mide, os estudantes precisaram
percorrer uma trilha de pedestre e subir a rampa localizada na
face norte. A trilha compreende os lados oeste, sul, leste e
metade do lado norte do quadrado. Essa rampa estÃ¡
localizada exatamente no meio da face, ou seja, Ã© o apÃ³tema
da pirÃ¢mide.
Sabendo-se que o volume da pirÃ¢mide Ã© de 864 m3
, quantos
metros, aproximadamente, os estudantes tiveram que
percorrer para chegar atÃ© o topo da pirÃ¢mide?",36,41,48,54,61,E,MATEMÃTICA,P,gemini/gemini-2.5-flash,12.9445,0.5
FUVEST 26,"A escola nÃ£o pode ignorar as diferenÃ§as sociolinguÃ­sticas.
Os professores e, por meio deles, os alunos tÃªm que estar bem
conscientes de que existem duas ou mais maneiras de dizer a
mesma coisa. E mais, que essas formas alternativas servem a
propÃ³sitos comunicativos distintos e sÃ£o recebidas de
maneira diferenciada pela sociedade. Os alunos que chegam
Ã  escola falando â€œnÃ³s cheguemuâ€, â€œabridoâ€ e â€œele dromeâ€, por
exemplo, tÃªm que ser respeitados e ver valorizadas as suas
peculiaridades linguÃ­stico-culturais, mas tÃªm o direito
inalienÃ¡vel de aprender as variantes de prestÃ­gio dessas
expressÃµes. NÃ£o se lhes pode negar esse conhecimento, sob
pena de se fecharem para eles as portas, jÃ¡ estreitas, da
ascensÃ£o social.
BORTONI-RICARDO, S. M. NÃ³s cheguemos na escola, e agora?
SociolinguÃ­stica & EducaÃ§Ã£o. SÃ£o Paulo: ParÃ¡bola, 2005. Adaptado.
De acordo com o texto, cabe aos professores","respeitar as variaÃ§Ãµes linguÃ­sticas dos alunos, mas solicitar
que eles utilizem a norma culta no ambiente escolar.","incentivar o uso das variaÃ§Ãµes regionais dos alunos, mas
mostrar a eles que a escola recebe variantes de forma
preconceituosa.","respeitar as particularidades linguÃ­sticas dos alunos, mas
dar a eles condiÃ§Ãµes de aprender outras variantes.","mostrar aos alunos que eles podem cometer erros em
relaÃ§Ã£o ao uso de verbos, mas que isso pode ser
prejudicial Ã  ascensÃ£o social."," ensinar aos alunos a norma padrÃ£o da lÃ­ngua, mas permitir
que eles cometam erros para nÃ£o serem excluÃ­dos pela
sociedade.",C,LÃNGUA PORTUGUESA,A,gemini/gemini-2.5-flash,13.6159,0.5
FUVEST 26,"A biÃ³loga Lynn Margulis publicou um polÃªmico artigo em 1967
propondo que algumas organelas das cÃ©lulas eucariÃ³ticas
poderiam ser o resultado de eventos de endossimbiose, no
qual bactÃ©rias passaram a viver em simbiose dentro de cÃ©lulas
eucariÃ³ticas atÃ© serem completamente incorporadas a elas. A
hipÃ³tese de Margulis sofreu muita oposiÃ§Ã£o, atÃ© que
evidÃªncias experimentais mostraram que algumas organelas
de fato possuÃ­am muitas similaridades com bactÃ©rias. Entre as
evidÃªncias de endossimbiose, podemos citar:",As membranas duplas dos nÃºcleos,Os ribossomos aderidos ao retÃ­culo endoplasmÃ¡tico.,A parede celular das cÃ©lulas vegetais,O formato do complexo de Golgi.,O genoma circular das mitocÃ´ndrias,E,BIOLOGIA,E,gemini/gemini-2.5-flash,8.2726,0.5
FUVEST 26,"During the nineteen-seventies and eighties, a researcher at
the University of Washington started noticing something strange
in the collegeâ€™s experimental forest. For years, a blight of
caterpillars had been munching the trees to death. Then,
suddenly, the caterpillars themselves started dying off. The forest
was able to recover. But what had happened to the caterpillars?
The researcher, David Rhoades, who had a background in
chemistry and zoology, found that the trees in the forest had
changed the chemistry of their leaves, to the detriment of the
caterpillars. Even more surprising, trees that had been nibbled by
caterpillars werenâ€™t the only ones that had changed their
chemistry. Some were changing their leaves before caterpillars
reached them, as if theyâ€™d received a warning. A shocking
possibility presented itself: the trees were signalling to one
another.
ZoÃ« Schlanger recounts Rhoadesâ€™s story in her new book,
â€œThe Light Eaters: How the Unseen World of Plant Intelligence
Offers a New Understanding of Life on Earth.â€
The contemporary world of botany that Schlanger explores in
â€œThe Light Eatersâ€ is still divided over the matter of how plants
sense the world and whether they can be said to communicate.
But, in the past twenty years, the idea that plants communicate
has gained broader acceptance. Research in recent decades has
shown garden-variety lima beans protecting themselves by
synthesizing and releasing chemicals to summon the predators of
the insects that eat them; lab-grown pea shoots navigating mazes
and responding to the sound of running water; and a chameleonic
vine in the jungles of Chile mimicking the shape and color of
nearby plants by a mechanism thatâ€™s not yet understood.
Schlanger acknowledges that some of the research yields as
many questions as answers. Itâ€™s not clear how the vine gathers
information about surrounding plants to perform its mimicry.
New Yorker. 12 June 2024. Adaptado.

Conforme o texto, a experiÃªncia conduzida por David Rhoades,
na floresta experimental da Universidade de Washington,
tornou-se marcante para a botÃ¢nica, por revelar a","dependÃªncia das Ã¡rvores de inimigos naturais para a
manutenÃ§Ã£o do equilÃ­brio das florestas.","alteraÃ§Ã£o da composiÃ§Ã£o das folhas, capaz de
comprometer a sobrevivÃªncia de insetos herbÃ­voros.","variabilidade das lagartas como fator decisivo para a
resiliÃªncia dos ecossistemas.","influÃªncia determinante da fertilidade do solo na
recuperaÃ§Ã£o da vegetaÃ§Ã£o.","oscilaÃ§Ã£o natural das populaÃ§Ãµes de pragas como causa
da regeneraÃ§Ã£o florestal.",B,BIOLOGIA,B,gemini/gemini-2.5-flash,8.8918,0.5
FUVEST 26,"A vacina contra a dengue co-desenvolvida pelo Brasil, a
Qdenga, comeÃ§ou a ser oferecida pelo SUS em 2024.
IndivÃ­duos imunocompetentes recebem vÃ­rus atenuados ao
serem vacinados, adquirindo imunidade sem ficar doentes.
Pessoas com imunodeficiÃªncias, indivÃ­duos com HIV
sintomÃ¡tico, gestantes e lactantes nÃ£o podem ser vacinadas.
No entanto, estas pessoas podem ser beneficiadas com a
vacinaÃ§Ã£o da populaÃ§Ã£o, pois","pessoas nÃ£o-vacinadas adquirem imunidade por contato
com vacinados.","mosquitos transmissores da dengue morrem ao picar
pessoas vacinadas","vÃ­rus atenuados alteram o material genÃ©tico dos vÃ­rus
selvagens","as chances de epidemias diminuem quando a cobertura
vacinal Ã© alta.","pessoas vacinadas liberam anticorpos contra o vÃ­rus no
ambiente.",D,BIOLOGIA,D,gemini/gemini-2.5-flash,8.5952,0.5
FUVEST 26,"NÃ³s sentimos o sabor dos alimentos com o cÃ©rebro!
Esta afirmaÃ§Ã£o Ã  primeira vista nos parece estranha. No
entanto, assim como ocorre em todos os sentidos do sistema
sensorial, no caso do paladar, a percepÃ§Ã£o consciente do
sabor sÃ³ acontece quando sinais especÃ­ficos chegam ao
cÃ©rebro. Assinale a alternativa que apresenta corretamente a
informaÃ§Ã£o descrita neste processo.","Os componentes quÃ­micos dos alimentos interagem com
proteÃ­nas receptoras nas cÃ©lulas gustativas, e um potencial
de aÃ§Ã£o Ã© transmitido ao cÃ©rebro.","Os componentes quÃ­micos dos alimentos sÃ£o convertidos
em uma corrente elÃ©trica que estimula o mÃºsculo da
lÃ­ngua.","No processo de transduÃ§Ã£o sensorial do paladar, os
componentes quÃ­micos dos alimentos sÃ£o convertidos em
um impulso hormonal que ativa as glÃ¢ndulas salivares.","Os componentes quÃ­micos dos alimentos ativam,
diretamente, os neurÃ´nios responsÃ¡veis por transmitir os
sinais gustativos ao cÃ©rebro","A primeira etapa da transduÃ§Ã£o de sinal no paladar ocorre
quando os receptores gustativos sÃ£o ativados por
hormÃ´nios digestivos.",A,QUÃMICA,A,gemini/gemini-2.5-flash,8.2224,0.5
UNICAMP 26,"U.S. Inflation Mild Ahead of Expected
Jump From Tariffs
Economists and policymakers are bracing for inflation to
reaccelerate as companies adapt to the trade war Adaptado de https://www.nytimes.com/2025/05/13/business/inflation-prices-tariffs.
html. Acesso em 15/05/2025.)
Segundo o texto, "," o governo dos EUA estÃ¡ se preparando para um salto na
inflaÃ§Ã£o diante da guerra comercial de tarifas.","a inflaÃ§Ã£o nos EUA se mantÃ©m moderada, mas economistas
e legisladores estÃ£o se preparando diante da expectativa de
alta das tarifas","a inflaÃ§Ã£o nos EUA deve se manter moderada, pois as empresas estÃ£o se adaptando ao aumento das tarifas.","as empresas dos EUA estÃ£o se adaptando Ã  aceleraÃ§Ã£o da
inflaÃ§Ã£o diante da guerra de tarifas estabelecida pelo governo.",,B,Linguagens (LÃ­ngua Inglesa),A,gemini/gemini-2.5-flash,25.2836,0.5
UNICAMP 26,"Leia o resumo de um artigo cientÃ­fico.
Incels: Masculinity in the Transition to Adulthood
Incels are men who are members of an online community that
experiences an unmet desire for sex and blame women for
their struggle. Since 2019 there have been several mass murder
attacks committed by Incels motivated by Incel ideology
creating a threat of future violence. While the vast majority of
Incels do not commit such attacks, researchers have begun to
study Incels to prevent violence and uncover the true nature
of this community. The study of Incels is incipient; therefore,
more knowledge about interventions to address the struggles of
involuntary celibacy is needed. This paper emphasizes the
masculinity strain experienced by Incels who attempt to perform
hegemonic masculinity as part of the transition to adulthood
but fall short because of their lack of sexual activity. This work
proposes the creation and implementation of Incel-specific,
online therapeutic interventions and continued research directly
with the Incel community to uncover the complexities of Incel
experiences.
(Adaptado de https://link.springer.com/article/10.1007/s12119-024-10201-7. Acesso
em 16/05/2025.) De acordo com o resumo, Ã© correto afirmar que"," â€œIncelâ€ Ã© uma comunidade majoritariamente constituÃ­da
por homens que culpam mulheres por questionarem sua
masculinidade.","as pesquisas sobre a comunidade â€œIncelâ€ ainda sÃ£o escassas, por isso hÃ¡ a necessidade de mais estudos que definam
teoricamente a abstinÃªncia sexual.","homens â€œIncelâ€, muitas vezes, tentam exercer uma masculinidade dominante que resulta em expectativas frustradas
devido Ã  inatividade sexual.",a pesquisa propÃµe prÃ¡ticas terapÃªuticas que integrem homens â€œIncelâ€ a outros grupos sociais para melhor compreender as complexidades da masculinidade.,,C,Linguagens (LÃ­ngua Inglesa),A,gemini/gemini-2.5-flash,11.7411,0.5
UNICAMP 26,"Leia a carta a seguir.
Dear Members of the Harvard Community,
For years, the federal governmentâ€™s grants to Harvard have
helped lead to groundbreaking innovations. Recently, the federal government has threatened its partnerships over accusations of antisemitism on our campuses. A list of demands was issued,
warning that Harvard must comply if we intend to â€œmaintain
our financial relationship with the government.â€ Most of these
demands are unprecedented and represent direct governmental
regulation of the â€œintellectual conditionsâ€ at Harvard.
They include requirements to audit the viewpoints of our students and faculty, and to â€œreduce their powerâ€ for their ideological views. We will not accept that. The University will not
surrender its independence or relinquish its constitutional
rights. No government should dictate what universities can
teach and which areas of inquiry they can pursue.
We do not take our moral duties lightly and we have taken
many steps to address and fight antisemitism on campus.
However, this will not be achieved by assertions of power,
unmoored from the law, to dictate how we operate.
Sincerely,
Alan M. Garber
(President of Harvard University)
(Adaptado de https://www.harvard.edu/president/news/2025/the-promise-of-american-
-higher-education/. Acesso em 07/05/2025.)
Assinale a alternativa correta em relaÃ§Ã£o ao posicionamento do
presidente de Harvard em sua carta.","As acusaÃ§Ãµes de antissemitismo feitas Ã  universidade sÃ£o
inconstitucionais, por isso Garber se recusa a aceitar as demandas propostas pelo governo.","As comparaÃ§Ãµes entre as ideologias de professores e de alunos sÃ£o sem precedentes, por isso Garber se nega a abrir
mÃ£o da liberdade de expressÃ£o da comunidade.","As justificativas do governo para interromper o financiamento sÃ£o falhas, por isso Garber se nega a tomar medidas
para resolver os problemas apontados.","As demandas do governo sÃ£o uma tentativa de controle da
autonomia das universidades, por isso Garber se recusa a
acatar as exigÃªncias impostas.",,D,Linguagens (LÃ­ngua Inglesa),A,gemini/gemini-2.5-flash,12.8596,0.5
UNICAMP 26,"A uniformidade da temperatura em um ambiente refrigerado
depende, alÃ©m do bom funcionamento do aparelho de ar con-
dicionado, de uma instalaÃ§Ã£o adequada, visando a uma transfe-
rÃªncia de calor eficiente. Isso pode ser verificado pelo instalador
utilizando um termÃ´metro de infravermelho para inspecionar
diferentes Ã¡reas do recinto. Analise as afirmativas 1, 2, 3 e 4
sobre os mecanismos de transferÃªncia de calor: conduÃ§Ã£o, con-
vecÃ§Ã£o e radiaÃ§Ã£o. 1) A transferÃªncia de calor por conduÃ§Ã£o tÃ©rmica pode ocorrer
tanto no vÃ¡cuo quanto em um meio material.
2) A taxa de conduÃ§Ã£o de calor em uma barra nÃ£o depende da
diferenÃ§a entre as temperaturas de suas extremidades.
3) A convecÃ§Ã£o consiste no transporte de energia tÃ©rmica de
uma regiÃ£o para outra por meio do deslocamento de uma
massa de fluido.
4) A transferÃªncia de calor por radiaÃ§Ã£o tÃ©rmica pode ocorrer
tanto no vÃ¡cuo quanto em um meio material. As afirmativas corretas sÃ£o:",1 e 2.,1 e 4.,2 e 3.,3 e 4.,,D,CiÃªncias da Natureza (FÃ­sica),A,gemini/gemini-2.5-flash,10.6793,0.5
UNICAMP 26,"As baterias sÃ£o fundamentais no mundo moderno, sendo a
fonte de energia portÃ¡til que alimenta dispositivos como celu-
lares e laptops, veÃ­culos elÃ©tricos e sistemas de armazenamento
de energia renovÃ¡vel. Duas grandezas que caracterizam uma
bateria Ã© a sua capacidade de carga elÃ©trica, expressa em mi-
liampÃ¨re-hora (mAh) e a energia que ela armazena, usualmente
dada em watts-hora (Wh). Uma bateria inicialmente carregada fornece uma corrente cons-
tante de i = 4 000 mA durante o tempo âˆ†t = 1 hora, ficando
descarregada no final desse processo. A carga elÃ©trica Q, que
circula por essa bateria nesse intervalo de tempo Ã©",4 C.,4 000 C,14 400 C.,14 400 000 C.,,C,CiÃªncias da Natureza (FÃ­sica),C,gemini/gemini-2.5-flash,7.9194,0.5
UNICAMP 26,"As baterias sÃ£o fundamentais no mundo moderno, sendo a
fonte de energia portÃ¡til que alimenta dispositivos como celu-
lares e laptops, veÃ­culos elÃ©tricos e sistemas de armazenamento
de energia renovÃ¡vel. Duas grandezas que caracterizam uma
bateria Ã© a sua capacidade de carga elÃ©trica, expressa em mi-
liampÃ¨re-hora (mAh) e a energia que ela armazena, usualmente
dada em watts-hora (Wh). Outra bateria totalmente carregada armazena uma energia
Eb = 15 Wh. Devemos elevar uma massa m = 45 kg atÃ© a altura
y, em relaÃ§Ã£o ao solo, para que a variaÃ§Ã£o da energia poten-
cial gravitacional Ep desse sistema mecÃ¢nico seja igual Ã  energia
armazenada nessa bateria. A altura y deve ser
Dado: g = 10 m/s2.","0,03 m",3 m,120 m,1 200 m,,C,CiÃªncias da Natureza (FÃ­sica),C,gemini/gemini-2.5-flash,8.367,0.5
UNICAMP 26,"O Centro de Tecnologia da InformaÃ§Ã£o (CTI) Renato Archer, em
Campinas (SP), possui equipamentos avanÃ§ados de manufatura
3D, incluindo uma impressora capaz de produzir uma miniatura do Cristo Redentor, com pouco mais de 100 Î¼m. Menor que um
grÃ£o de areia, a peÃ§a sÃ³ Ã© visÃ­vel com microscÃ³pio Ã³ptico, basea-
do em arranjo de um conjunto de lentes. Se uma lente delgada,
de distÃ¢ncia focal f, Ã© usada para investigar um objeto de altura
o, de forma que a imagem seja direita com altura i maior que
a do objeto ( i > o ), Ã© correto afirmar que","lente Ã© convergente e a distÃ¢ncia entre objeto e lente Ã©
menor que a distÃ¢ncia focal.","a lente Ã© divergente e a distÃ¢ncia entre objeto e lente Ã©
menor que a distÃ¢ncia focal","a lente Ã© convergente e a distÃ¢ncia entre objeto e lente Ã©
maior que a distÃ¢ncia focal.","a lente Ã© divergente e a distÃ¢ncia entre objeto e lente Ã©
maior que a distÃ¢ncia focal",,A,CiÃªncias da Natureza (FÃ­sica),A,gemini/gemini-2.5-flash,8.4465,0.5
UNICAMP 26,"Recentemente, grandes cidades iniciaram a implantaÃ§Ã£o de
faixas exclusivas para motocicletas como, por exemplo, a fai-
xa azul na cidade de SÃ£o Paulo. Um motociclista adentra, em
t = 0, um percurso retilÃ­neo de uma faixa azul com velocidade
constante v0 = 36 km/h e mantÃ©m essa velocidade atÃ© o tempo
t = 30 s (trecho I). Em seguida, continua o percurso com desa-
celeraÃ§Ã£o constante (a < 0) atÃ© parar completamente diante de
um semÃ¡foro em t = 50 s (trecho II). ApÃ³s mais 30 s, ele retoma
o movimento e mantÃ©m uma aceleraÃ§Ã£o constante e positiva
a = 0,8 m/s2 desde t = 80 s atÃ© t = 95 s (trecho III). Poste-
riormente, o motociclista segue com velocidade constante atÃ©
t = 120 s (trecho IV). A massa do conjunto motociclista + motocicleta Ã© dada por
m = 180 kg. Para o trecho entre os tempos t = 30 s e t = 50 s,
em que o movimento tem desaceleraÃ§Ã£o constante, Ã© correto
afirmar que o mÃ³dulo da forÃ§a resultante que age nesse con-
junto Ã© igual a",36 N,90 N,324 N,1 800 N,,B,CiÃªncias da Natureza (FÃ­sica),P,gemini/gemini-2.5-flash,10.2452,0.5
UNICAMP 26,"â€œO ato de comer Ã© construÃ­do culturalmente, e mediado por
prÃ¡ticas, crenÃ§as, comportamentos, tabus, que formam os hÃ¡-
bitos alimentares, que, por sua vez, relacionam-se a aspectos
culturais, socioeconÃ´micos e psicolÃ³gicos que envolvem o am-
biente alimentar de cada indivÃ­duo. Os hÃ¡bitos alimentares sÃ£o
dinÃ¢micos e sensÃ­veis Ã s mudanÃ§as que ocorrem nas socieda-
des, fundamentalmente, nos sistemas alimentares. Com o sis-
tema alimentar que predomina hoje, a humanidade vem subs-
tituindo a comida que carrega significados culturais e tradiÃ§Ãµes
ancestrais por produtos alimentares ultraprocessados globaliza-
dos, que viajam quilÃ´metros atÃ© chegar ao prato, causando a
homogeneizaÃ§Ã£o dos hÃ¡bitos alimentares de forma global. O
problema Ã© que os ultraprocessados tÃªm acarretado sÃ©rios pro-
blemas Ã  saÃºde da populaÃ§Ã£o [...]â€. A partir do texto, Ã© correto afirmar que a produÃ§Ã£o e o consu-
mo de alimentos no mundo contemporÃ¢neo possuem","menor vÃ­nculo com o lugar, visto que a indÃºstria de pro-
cessamento de alimentos e a produÃ§Ã£o agropecuÃ¡ria estÃ£o
cada vez mais especializadas. Assim, produtos circulam com
maior velocidade e eficiÃªncia entre a Ã¡rea de produÃ§Ã£o e o
mercado consumidor, reduzindo o acesso da populaÃ§Ã£o a
alimentos in natura e Ã  diversidade produtiva regional.","maior interdependÃªncia com o lugar, visto que a indÃºstria de
processamento precisa manter a proximidade com as Ã¡reas
da produÃ§Ã£o agropecuÃ¡ria, aproveitando a modernizaÃ§Ã£o
do sistema de circulaÃ§Ã£o para atingir o mercado consumidor
mais distante. Isso fortalece o acesso da populaÃ§Ã£o a produ-
tos da agricultura familiar e Ã  diversidade produtiva regional.","maior conexÃ£o com o lugar, visto que a indÃºstria de proces-
samento de alimentos pode estar distante da Ã¡rea de produ-
Ã§Ã£o agropecuÃ¡ria. O sistema de circulaÃ§Ã£o permite interligar,
com menor custo, a Ã¡rea de produÃ§Ã£o ao mercado consu-
midor, restringindo o acesso da populaÃ§Ã£o Ã  produÃ§Ã£o da
pequena indÃºstria local e Ã  diversidade alimentar regional.","menor correlaÃ§Ã£o com o lugar, visto que a indÃºstria de pro-
cessamento e a produÃ§Ã£o agropecuÃ¡ria possuem pouca
vinculaÃ§Ã£o entre si, tornando-se independentes, mas com
estreitamento promovido pelo sistema de circulaÃ§Ã£o entre
a Ã¡rea de produÃ§Ã£o e o mercado consumidor. Isso favorece
o acesso da populaÃ§Ã£o aos alimentos da culinÃ¡ria local e Ã 
diversidade alimentar regional.",,A,CiÃªncias Humanas (Geografia/Sociologia),A,gemini/gemini-2.5-flash,15.6246,0.5
UNICAMP 26,"Leia os textos 1 e 2. Texto 1
Muitos povos, de diferentes matrizes culturais, tÃªm a compre-
ensÃ£o de que nÃ³s e a Terra somos uma mesma entidade. AtÃ© o
comeÃ§o do sÃ©culo XX, o mundo do trabalho e da produÃ§Ã£o se
dava com ferramentas e meios que nÃ£o tinham a potÃªncia de
exaurir os recursos da Terra como hoje. Desse tempo para cÃ¡,
sobraram poucas humanidades espalhadas pelo planeta. Texto 2
A Terra Ã© um denso conjunto de relaÃ§Ãµes que articula seres vi-
vos, oceanos, atmosfera, clima e solos. Ela Ã© dotada de uma
histÃ³ria e de um regime de atividades prÃ³prio, resultado da ar-
ticulaÃ§Ã£o de mÃºltiplos processos. Hoje, jÃ¡ nÃ£o estamos lidando
com uma natureza selvagem e ameaÃ§adora, nem com uma na-
tureza frÃ¡gil, que deve ser protegida, nem com uma natureza
que pode ser explorada Ã  vontade. A hipÃ³tese Ã© nova. A Terra
nÃ£o estÃ¡ ameaÃ§ada, diferentemente das inÃºmeras espÃ©cies vi-
vas que serÃ£o varridas pelas mudanÃ§as de seu meio, com uma
rapidez sem precedente.  A partir da leitura dos textos Ã© correto afirmar que natureza e
sociedade","passaram a se influenciar por meio do desenvolvimento das
forÃ§as produtivas e do trabalho ao longo da histÃ³ria, o que
coloca a natureza em risco.","estÃ£o articuladas por mÃºltiplos processos que envolvem
agentes humanos e nÃ£o humanos (oceanos, atmosfera, cli-
ma, solo, etc.), o que coloca a natureza em risco.","possuem uma histÃ³ria comum e articulada, fato percebido
por povos de diferentes matrizes culturais, o que coloca a
sociedade em risco.","possuem um regime de atividades prÃ³prio, que envolve
agentes humanos e nÃ£o humanos (oceanos, atmosfera, cli-
ma, solo, etc.), o que coloca tais agentes em risco.",,D,CiÃªncias Humanas (Filosofia/Sociologia),A,gemini/gemini-2.5-flash,16.7819,0.5
UNICAMP 26,"Leia os textos 1 e 2.  Texto 1
A adolescÃªncia Ã© uma questÃ£o de corporificaÃ§Ã£o do social. Mu-
danÃ§as fÃ­sicas, como hormÃ´nios em ebuliÃ§Ã£o, sÃ£o importantes,
mas elas nÃ£o determinam como se experimenta a adolescÃªncia.
Essa Ã© uma questÃ£o de como as prÃ¡ticas sociais se relacionam
com as mudanÃ§as fÃ­sicas, dando significados sociais a eventos
biolÃ³gicos. A adolescÃªncia Ã© um processo de se tornar partici-
pante do mundo adulto. Ela Ã© um perÃ­odo em que corpos em
desenvolvimento enfrentam desafios, e Ã s vezes sÃ£o danifica-
dos. InstituiÃ§Ãµes, incluindo a escola, e os poderes do mundo
adulto sÃ£o confrontados e negociados. Isso forma uma arena
de prazer, humor, curiosidade, mas tambÃ©m de ansiedade e vio-
lÃªncia.  Texto 2
Ordens de gÃªnero sÃ£o centrais para a vida dos adolescentes. Quando insistem na diferenÃ§a absoluta entre masculinidade e
feminilidade criam um dilema e fazem com que os meninos
exagerem na performance da masculinidade, procurando se
aproximarem da posiÃ§Ã£o social dos homens adultos. PrÃ¡ticas
corporais, como a sexualidade e o esporte, se tornam importan-
tes meios de diferenciaÃ§Ã£o e espaÃ§os de produÃ§Ã£o das mascu-
linidades hegemÃ´nicas e subordinadas. Aquelas que produzem
maior status e prestÃ­gio masculino sÃ£o as com os efeitos mais
tÃ³xicos sobre os corpos dos adolescentes, como por exemplo o
hÃ¡bito de fumar e praticar a violÃªncia fÃ­sica, etc.   A partir da leitura dos textos Ã© correto afirmar que","a adolescÃªncia, como processo de participar do mundo
adulto, desafia padrÃµes previamente estabelecidos, promo-
vendo riscos e violÃªncia que poderiam ser evitados caso tais
padrÃµes fossem mantidos","masculinidades hegemÃ´nicas e subordinadas sÃ£o produzi-
das biolÃ³gica e socialmente, por meio de prÃ¡ticas corporais
como a sexualidade e o esporte e em confronto com insti-
tuiÃ§Ãµes, como a escola.","eventos biolÃ³gicos associados Ã s mudanÃ§as corporais da
adolescÃªncia sÃ£o significados socialmente, o que torna a or-
dem de gÃªnero em que tais mudanÃ§as ocorrem importante
para compreendermos masculinidades e feminilidades.","a precocidade na busca de status de adultos e do prestÃ­gio
masculino por meninos adolescentes os torna ansiosos, fa-
zendo das masculinidades juvenis contemporÃ¢neas um todo
homogÃªneo e violento.",,C,CiÃªncias Humanas (Sociologia),A,gemini/gemini-2.5-flash,18.2876,0.5
UNICAMP 26,"A OMS, e nÃ£o uma associaÃ§Ã£o trans-gay-lÃ©sbica-anarcofeminis-
ta, afirma hoje que â€œo gÃªnero tipicamente descrito como mas-
culino e feminino Ã© uma construÃ§Ã£o social que varia segundo as
culturas e Ã©pocasâ€. A partir desse princÃ­pio, a OMS reconhece a
dimensÃ£o arbitrÃ¡ria e inatural da taxonomia binÃ¡ria com a qual
as instituiÃ§Ãµes sociais e polÃ­ticas trabalham no Ocidente e abre
a porta para uma revisÃ£o mais profunda do paradigma da dife-
renÃ§a sexual. Nos prÃ³ximos anos, deveremos elaborar coletiva-
mente uma epistemologia capaz de dar conta da multiplicidade
radical dos seres vivos, que nÃ£o reduza o corpo Ã  sua forÃ§a re-
produtiva heterossexual, que nÃ£o legitime a violÃªncia heteropa-
triarcal e colonial. Quando falo de uma nova epistemologia me
refiro tambÃ©m a um processo de ampliaÃ§Ã£o radical do horizonte
democrÃ¡tico para reconhecer como sujeito polÃ­tico todo corpo
vivo sem que a designaÃ§Ã£o sexual ou de gÃªnero seja a condiÃ§Ã£o
desse reconhecimento social e polÃ­tico (84).  Considerando o texto assinale a alternativa correta.","A diferenÃ§a sexual entre homem e mulher Ã© informada pela
biologia e indiferente a variaÃ§Ãµes culturais, a despeito do
que dizem a OMS e as associaÃ§Ãµes feministas, gays, lÃ©sbicas
e trans.","Embora seja inevitÃ¡vel admitir que haja pessoas que nÃ£o
se enquadram na taxonomia binÃ¡ria, Ã© necessÃ¡rio elaborar
coletivamente caminhos para ajudÃ¡-las a uma reconciliaÃ§Ã£o
com a prÃ³pria natureza.","As instituiÃ§Ãµes sociais e polÃ­ticas operam normalmente com
uma taxonomia binÃ¡ria violenta e excludente da multiplici-
dade de seres humanos, que precisa ser revista em nome da
ampliaÃ§Ã£o do nosso horizonte democrÃ¡tico","GÃªnero e sexualidade sÃ£o categorias identitÃ¡rias inadequa-
das ao processo de ampliaÃ§Ã£o do horizonte democrÃ¡tico
com vistas ao reconhecimento social e polÃ­tico de todos os
indivÃ­duos em funÃ§Ã£o do seu prÃ³prio mÃ©rito",,C,CiÃªncias Humanas (Sociologia/Filosofia),C,gemini/gemini-2.5-flash,9.9106,0.5
UNICAMP 26,"Leia os textos 1 e 2.  Texto 1
""Para Rosa Luxemburgo, uma sociedade socialista terÃ¡ necessa-
riamente que ser democrÃ¡tica (e vice-versa), o que significa que
sÃ³ poderÃ¡ resultar da participaÃ§Ã£o efetiva das massas populares.
[...] ela rejeita premonitoriamente a estratÃ©gia dos partidos de
esquerda que chegarÃ£o ao poder no decorrer do sÃ©culo XX:
primeiro toma-se o poder, depois muda-se o mundo. Para ela,
a tomada do poder e a instituiÃ§Ã£o da democracia (equivalente
aqui Ã  mudanÃ§a do mundo) nÃ£o sÃ£o duas etapas separadas no
tempo, mas duas faces da mesma moedaâ€.   Texto 2
""Sem eleiÃ§Ãµes gerais, sem liberdade ilimitada de imprensa e de
reuniÃ£o, sem livre debate de opiniÃµes, a vida se definha em
qualquer instituiÃ§Ã£o pÃºblica, torna-se uma vida aparente em
que sÃ³ a burocracia subsiste como o Ãºnico elemento ativo. [...]
Somente massas esclarecidas, autÃ´nomas, politicamente for-
madas poderÃ£o exercer o poder nos novos organismos de base,
os conselhos; em outras palavras, realizar o socialismo demo-
crÃ¡tico"".   Considerando os textos, assinale a alternativa que corresponde
ao pensamento de Rosa Luxemburgo.","Para afastar o socialismo da ameaÃ§a da burocracia, Ã s vezes
Ã© necessÃ¡rio restringir a liberdade de imprensa, o debate pÃº-
blico e as eleiÃ§Ãµes gerais.","A instituiÃ§Ã£o da democracia Ã© uma etapa posterior Ã  tomada
do poder polÃ­tico e equivale Ã  mudanÃ§a do mundo.","A democracia socialista nÃ£o difere da democracia represen-
tativa: ambas se baseiam na soberania popular dos conse-
lhos, mas tendem Ã  burocracia partidÃ¡ria","Democracia e socialismo sÃ£o sinÃ´nimos, pois os conselhos
populares deveriam possibilitar a participaÃ§Ã£o ativa das mas-
sas na conduÃ§Ã£o do poder polÃ­tico e econÃ´mico.",,D,CiÃªncias Humanas (HistÃ³ria/Sociologia),A,gemini/gemini-2.5-flash,12.9008,0.5
UNICAMP 26,"Os textos 1 e 2 apresentam a compreensÃ£o de Marco TÃºlio CÃ­-
cero (106 âˆ’ 43 a.C), magistrado e CÃ´nsul da RepÃºblica Romana,
sobre o tema da justiÃ§a.    Texto 1
â€œConvÃ©m recorrer aos fundamentos da justiÃ§a que propus no
comeÃ§o: primeiro, a ninguÃ©m prejudicar, depois, servir Ã  utili-
dade comumâ€.   Texto 2
â€œÃšnico, com efeito, Ã© o direito a partir do qual a sociedade dos
homens foi congregada, e una a lei que o constituiu, lei que Ã© a
reta razÃ£o ao obrigar e proibir. Quem a ignora Ã© injusto, esteja
ela escrita em algum lugar ou em nenhum. Se a justiÃ§a Ã© obedi-
Ãªncia Ã s leis escritas e Ã s instituiÃ§Ãµes dos povos, e se (como di-
zem aqueles mesmos aos quais me referi) todas as coisas devem
ser medidas pela utilidade, negligenciarÃ¡ as leis e as destruirÃ¡,
se o puder, aquele que assim julgÃ¡-lo vantajoso para si; do que
se segue que absolutamente nÃ£o hÃ¡ justiÃ§a, se esta nÃ£o Ã© fun-
dada na natureza, e a que se constitui por causa da utilidade Ã©
deteriorada por essa utilidadeâ€.   Considerando os textos, escolha a alternativa correta.","A justiÃ§a consiste na obediÃªncia Ã s leis escritas e Ã s insti-
tuiÃ§Ãµes dos povos: deve servir Ã  utilidade comum e nÃ£o Ã 
utilidade daquilo que Ã© vantajoso para si.","A utilidade comum Ã© o fundamento da justiÃ§a de uma RepÃº-
blica e, para serem justos, os cidadÃ£os devem agir conforme
a reta razÃ£o, com a qual a natureza lhes dotou.","A reta razÃ£o, enquanto lei natural, Ã© a base da justiÃ§a. A
injustiÃ§a ocorre quando a utilidade deixa de ser a medida de
todas as coisas.","Se a justiÃ§a Ã© agir conforme a reta razÃ£o e a utilidade Ã© um
dos fundamentos da justiÃ§a, agir com vistas aquilo que Ã©
vantajoso para si Ã© justo.",,B,CiÃªncias Humanas (Filosofia),A,gemini/gemini-2.5-flash,18.6854,0.5
UNICAMP 26,"Os dados da alfÃ¢ndega de Buenos Aires fixam em 18.100 o nÃº-
mero de africanos oficialmente importados no porto entre 1597
e 1645. Durante alguns anos, a zona platense esteve aberta
ao contrato de fornecimento de pessoas escravizadas (Asiento),
com os navios negreiros saindo diretamente de Luanda para
Buenos Aires. Nos anos de proibiÃ§Ã£o, o contrabando ocorria por
meio do Rio de Janeiro. Barcos ligavam os dois portos. No retor-
no, traziam prata lavrada e por lavrar e ouro, nÃ£o sÃ³ para o Rio
de Janeiro, mas tambÃ©m para a Bahia e o Recife. Em torno das
trocas de africanos pela prata do Peru (PotosÃ­), esses interesses
foram consolidados no Rio de Janeiro. Desse episÃ³dio resultou
uma tradiÃ§Ã£o religiosa conhecida: o culto a Nossa Senhora de
Copacabana no Rio de Janeiro, oriundo do Baixo Peru em 1637.
Nos anos seguintes, uma capela dedicada Ã  santa foi erigida na
praia que recebeu o seu nome.   Com base no excerto, assinale a alternativa correta.","A extraÃ§Ã£o de prata em Buenos Aires conectou o Brasil ao
comÃ©rcio internacional de metais que passava por Copaca-
bana.","O trÃ¡fico de pedras preciosas de Buenos Aires complemen-
tava o fornecimento de mÃ£o de obra trazida de Luanda para
o Porto de Copacabana.","Copacabana remete ao passado em que as AmÃ©ricas por-
tuguesa e espanhola se conectavam por redes comerciais e
culturais.","Copacabana preserva a memÃ³ria do desembarque de escra-
vizados que, dali, eram levados para Buenos Aires e Peru.",,C,CiÃªncias Humanas (HistÃ³ria),A,gemini/gemini-2.5-flash,13.0003,0.5
UNICAMP 26,"Entre vÃ¡rias obras que devem formar este precioso presente
que ofereÃ§o aos meus concidadÃ£os, dei o primeiro lugar ao
Contrato Social, escrito pelo cidadÃ£o de Genebra, Jean-Jacques
Rousseau. Este homem imortal, que obteve a admiraÃ§Ã£o de seu
sÃ©culo e serÃ¡ o assombro de todas as idades, [... ensinou que]
os povos aprenderam a procurar no pacto social a raiz e a Ãºnica
origem da obediÃªncia, nÃ£o reconhecendo os seus chefes como
emissÃ¡rios da divindade, enquanto nÃ£o mostrassem as patentes
do cÃ©u na qual eram destinados a imperar sobre seus semelhan-
tes. [...] Como o autor teve a desgraÃ§a de delirar em matÃ©rias
religiosas, suprimo o capÃ­tulo e as passagens principais onde
delas tratou. Mariano Moreno, tradutor de Rousseau para o espanhol, foi se-
cretÃ¡rio do primeiro governo da Argentina entre os anos 1810
e 1811. No texto acima, ele","critica a defesa que Rousseau faz da Igreja e dos governos
absolutistas na obra O Contrato Social.","interfere na traduÃ§Ã£o e ediÃ§Ã£o da obra de Rousseau confor-
me seus ideÃ¡rios polÃ­ticos e ideolÃ³gicos.","justifica a traduÃ§Ã£o da obra para difundir a ideia de obediÃªn-
cia cÃ­vica ligada Ã  religiÃ£o catÃ³lica e ao rei.","demonstra seu carÃ¡ter conservador e a resistÃªncia ao pensa-
mento liberal e iluminista na Argentina.",,B,CiÃªncias Humanas (HistÃ³ria),A,gemini/gemini-2.5-flash,11.7906,0.5
UNICAMP 26,"Em 1937, um golpe de Estado instaurou o Estado Novo no Bra-
sil, um regime autoritÃ¡rio. Diferentes leituras do golpe de Var-
gas foram publicadas no jornal The New York Times, ilustrando
o impacto difuso daquele evento na imprensa. De um lado, es-
crevendo da Argentina, o chefe dos correspondentes na AmÃ©-
rica Latina, John White, afirmou o carÃ¡ter â€œpseudo-fascistaâ€ do
movimento, registrando a atuaÃ§Ã£o dos censores sobre o traba-
lho dos correspondentes internacionais que atuavam no Brasil.
White destacava o apoio alemÃ£o ao novo regime brasileiro e
os desafios de centralizar o poder nas mÃ£os de GetÃºlio Vargas.
De outro lado, Frank Garcia, correspondente do The New York
Times, que atuava entÃ£o no Brasil, comentou:  Eu posso dizer que, embora tenha havido censura, eu nÃ£o tive
dificuldades em enviar matÃ©rias ao The New York Times. Elas fo-
ram telegrafadas sem nenhum problema. Essa nova Constitui-
Ã§Ã£o configura o Estado um tanto fascista, mas nÃ£o inteiramen-
te. Ã‰ mais democrÃ¡tico que fascista. Na verdade, Ã© nacionalista.     Sobre a repercussÃ£o internacional do Golpe do Estado Novo no
exterior, podemos afirmar que havia","percepÃ§Ã£o unÃ¢nime do pleno alinhamento ideolÃ³gico do
Brasil com governos fascistas.","condenaÃ§Ã£o ao fascismo e sugestÃ£o de sanÃ§Ãµes econÃ´micas
em razÃ£o do apoio alemÃ£o a Vargas.","controvÃ©rsias e ambiguidades na caracterizaÃ§Ã£o ideolÃ³gica
do novo governo Vargas.","estratÃ©gias de resistÃªncia Ã  censura imposta aos jornalistas
que atuavam no Brasil.",,C,CiÃªncias Humanas (HistÃ³ria),A,gemini/gemini-2.5-flash,11.1794,0.5
UNICAMP 26,"""A OMC nÃ£o serÃ¡ uma organizaÃ§Ã£o mundial de comÃ©rcio atÃ©
que a China seja um paÃ­s-membro"", afirmou Mike Moore, di-
retor-geral da OMC. A assinatura de um acordo bilateral de co-
mÃ©rcio entre os Estados Unidos e a China teve uma repercussÃ£o
positiva no mercado internacional, apesar da desconfianÃ§a de
que a China poderÃ¡ ter dificuldades para cumprir o prometido.
""A China deu um passo grande em direÃ§Ã£o Ã  OMC"", disse o
presidente dos Estados Unidos, Bill Clinton. A UniÃ£o Europeia
aprovou a assinatura do acordo. A adesÃ£o da China Ã  OMC
permitirÃ¡ incluir no sistema comercial internacional a dÃ©cima
potÃªncia do planeta, que cresceu em mÃ©dia 9,6% ao ano desde 1980. O acordo serÃ¡ um teste importante para verificar se a
economia chinesa aguentaria o impacto de sua incorporaÃ§Ã£o Ã 
OMC e se continuaria com seu crescimento. Desde 1986, o paÃ­s
asiÃ¡tico busca ser aceito em um organismo de comÃ©rcio inter-
nacional. Segundo nota chinesa, ""ambas as partes estreitarÃ£o
sua cooperaÃ§Ã£o no seio da OMC para garantir no futuro o au-
mento de suas relaÃ§Ãµes bilaterais e a prosperidade da economia
mundial"".   Comparando as expectativas sobre o ingresso da China na Or-
ganizaÃ§Ã£o Mundial de ComÃ©rio (OMC) expressas no texto com
o contexto atual, Ã© correto afirmar que","havia um otimismo em relaÃ§Ã£o Ã  expansÃ£o da globalizaÃ§Ã£o
da economia mundial entre as dÃ©cadas de 1990 e 2000.","a entrada da China na OMC interrompeu o deslocamento
das indÃºstrias norte-americana e europeia para a Ãsia.","a guerra tarifÃ¡ria contemporÃ¢nea revela o fracasso do mo-
delo de desenvolvimento chinÃªs dos anos 2000.","os compromissos assumidos pela China na entrada na OMC
permitiram a consolidaÃ§Ã£o dos direitos humanos no paÃ­s.",,A,CiÃªncias Humanas (Geografia),A,gemini/gemini-2.5-flash,18.1534,0.5
UNICAMP 26,"Um agricultor realizou a remoÃ§Ã£o de um anel da casca de ra-
mos caulinares, prÃ¡tica conhecida como anelamento, para au-
mentar o tamanho dos frutos em seu pomar. Ele observou dois
grupos de plantas apÃ³s algumas semanas. As plantas do gru-
po 1 tinham uma regiÃ£o claramente anelada nos ramos e seus
frutos eram maiores, se comparadas Ã s plantas do grupo 2. JÃ¡
as plantas do grupo 2 perderam as folhas e foram claramente
prejudicadas pelo anelamento. Ao retornar no ano seguinte, o
anelamento era quase imperceptÃ­vel nas plantas do grupo 1.   Considerando as informaÃ§Ãµes apresentadas e os seus conheci-
mentos em biologia vegetal, Ã© correto afirmar que o anelamen-
to eliminou os vasos do","xilema e limitou o transporte de Ã¡gua para as folhas, com-
prometendo a atividade do cÃ¢mbio vascular nas plantas do
grupo 1.","floema e restringiu o transporte dos produtos da fotossÃ­nte-
se para as folhas, sem comprometer a atividade do cÃ¢mbio
vascular nas plantas do grupo 2.","xilema e limitou o transporte de Ã¡gua para as raÃ­zes, com-
prometendo a atividade do cÃ¢mbio vascular nas plantas do
grupo 2.","floema e restringiu o transporte dos produtos da fotossÃ­nte-
se para as raÃ­zes, sem comprometer a atividade do cÃ¢mbio
vascular nas plantas do grupo 1.",,D,CiÃªncias da Natureza (Biologia),A,gemini/gemini-2.5-flash,14.2082,0.5
UNICAMP 26,"RogÃ©rio Ã© funcionÃ¡rio de uma fÃ¡brica de automÃ³veis. Em de-
zembro de 2024, seu gestor fez duas propostas de aumento
salarial:  a proposta 1 consistia em um aumento de 50% do seu sa-
lÃ¡rio, a partir do salÃ¡rio a ser recebido em janeiro de 2025,
mas sem nenhum tipo de reajuste nos prÃ³ximos trÃªs anos,
ou seja, atÃ© dezembro de 2027;  a proposta 2 consistia em um aumento de 20% a cada ano;
o reajuste ocorreria no salÃ¡rio de janeiro de cada um dos
prÃ³ximos trÃªs anos, a partir de 2025.    Para decidir a qual proposta aderir, RogÃ©rio calculou o montan-
te total que receberia ao longo dos trÃªs anos em cada proposta,
isto Ã©, de janeiro de 2025 a dezembro de 2027. Ele concluiu
que o total a ser recebido na proposta 1 Ã©, aproximadamente",3% maior que o total a ser recebido na proposta 2.,1% maior que o total a ser recebido na proposta 2.,3% menor que o total a ser recebido na proposta 2.,1% menor que o total a ser recebido na proposta 2.,,A,MatemÃ¡tica,S,gemini/gemini-2.5-flash,15.6382,0.5
UNICAMP 26,"Sobre dois polinÃ´mios p ( x ) e q ( x ) de coeficientes reais sabe-se
que:   p ( x ) + q ( x ) tem grau igual a 3.   p ( x ) Â· q ( x ) tem grau igual a 8.   Ã‰ correto afirmar que o grau de p ( x ) âˆ’ q ( x ) Ã© igual a",5.,4.,3.,2.,,B,MatemÃ¡tica,S,gemini/gemini-2.5-flash,22.4564,0.5
UNICAMP 26,"Em uma creche se realiza o â€œdia da troca do brinquedoâ€. Cada
crianÃ§a leva um brinquedo para a escola e o guarda na Caixa
Divertida. Ao final do dia, cada crianÃ§a retira um brinquedo da
Caixa Divertida sem olhar, e o leva para brincar em casa. Em uma sala com cinco crianÃ§as, qual Ã© a probabilidade de exa-
tamente duas crianÃ§as retirarem da Caixa Divertida seus prÃ³-
prios brinquedos?",1/5.,1/6.,1/25.,1/30.,,B,MatemÃ¡tica,E,gemini/gemini-2.5-flash,13.2412,0.5
UNICAMP 26,Considere A = { xâˆˆ â„• : | x âˆ’5| â‰¥ 2 e | x âˆ’11| â‰¤ 9 }. Quantos nÃºmeros primos pertencem ao conjunto A?  ,5.,6.,7.,8.,,C,MatemÃ¡tica,P,gemini/gemini-2.5-flash,16.7782,0.5
UNICAMP 26,"Em um jogo de videogame sobre guerra, cada jogador deve
montar sua tropa escolhendo 100 combatentes. Ele tem Ã  sua
disposiÃ§Ã£o dois tipos de combatentes, soldados e estrategistas,
que possuem duas habilidades, astÃºcia e forÃ§a, com as seguin-
tes pontuaÃ§Ãµes:  o soldado tem 30 pontos de astÃºcia e 70 pontos de forÃ§a.  o estrategista tem 80 pontos de astÃºcia e 20 pontos de forÃ§a.  A forÃ§a total da tropa Ã© a soma das pontuaÃ§Ãµes de forÃ§a de
cada um dos combatentes, e a astÃºcia total da tropa Ã© a soma
das pontuaÃ§Ãµes de astÃºcia de cada um dos combatentes.   Para montar uma tropa de modo a obter as mesmas pontua-
Ã§Ãµes de forÃ§a total e de astÃºcia total, quantos soldados e quan-
tos estrategistas devem ser escolhidos?",70 soldados e 30 estrategistas,60 soldados e 40 estrategistas,50 soldados e 50 estrategistas,40 soldados e 60 estrategistas,,B,MatemÃ¡tica,B,gemini/gemini-2.5-flash,9.4212,0.5
UNICAMP 26,"Ã‰ advogado com d mudo, estÃºpida!
Mirian Goldenberg
AntropÃ³loga e professora da Universidade Federal do Rio de Janei-
ro, Ã© autora de â€œA InvenÃ§Ã£o de uma Bela Velhiceâ€  Fiz um vÃ­deo para o Instagram sobre a minha coluna intitula-
da No dia 1Âº de abril, quase caÃ­ no golpe do â€˜falso advogadoâ€™.
No vÃ­deo, confessei que quase morri de vergonha por quase ter
caÃ­do em um golpe no Dia da Mentira.
Fiquei triste quando li alguns dos comentÃ¡rios sobre o vÃ­deo:
â€œAdEvogado?; â€œNÃ£o Ã© adevogado que falaâ€; â€œA desinforma-
da que fala adÃªvogado aprendeu o que Ã© golpe de verdade
kkkkâ€; â€œAdevogado? Pode isso? Uma â€˜intelequitualâ€™ brasileira
da linha de frente falando assim?â€; â€œUm currÃ­culo e tanto e
falando adevogado?; â€œChamou de adEvogado. EntÃ£o nÃ£o foi
difÃ­cil entender por que caiu em golpe... Eu teria Ã© vergonha de
falar adEvogadoâ€; â€œA palavra â€˜advogadoâ€™ se pronuncia â€˜advo-
gadoâ€™, com o â€˜dâ€™ mudo. A pronÃºncia adevogado Ã© um erro de
ortoÃ©piaâ€; â€œÃ‰ advogado com â€˜dâ€™ mudo, estÃºpida!â€.
Perguntei ao meu marido, que editou o vÃ­deo, por que ele
nÃ£o me falou nada. Ele respondeu: â€œPorque eu acho bonitinho.
VocÃª Ã© filha de advogado e tem dois irmÃ£os advogados. Des-
de menina aprendeu a falar assim. NÃ£o Ã© fÃ¡cil falar â€˜advogadoâ€™
com o â€˜dâ€™ mudo. Eu falo advogado com â€˜iâ€™: adivogado. SerÃ¡ que
alguÃ©m consegue falar advogado com o â€˜dâ€™ mudo?â€
Da prÃ³xima vez que fizer uma denÃºncia importante, vou ten-
tar falar advogado com o â€œdâ€ mudo. SerÃ¡ que vou conseguir?   Considerando que consoantes mudas nÃ£o sÃ£o seguidas de uma
vogal, e levando em conta as duas pronÃºncias para advogado
mencionadas no texto, as crÃ­ticas reproduzidas no segundo pa-
rÃ¡grafo revelam","preconceito linguÃ­stico, jÃ¡ que os comentÃ¡rios negativos fo-
ram motivados pelo fato de a autora ter um baixo nÃ­vel de
escolaridade.","desconhecimento linguÃ­stico, uma vez que a palavra advo-
gado nÃ£o Ã© pronunciada com â€œdâ€ mudo no portuguÃªs bra-
sileiro.","negacionismo linguÃ­stico, pois os crÃ­ticos nÃ£o reconhecem
que a pronÃºncia adevogado Ã© a mais comum na norma cul-
ta.","correÃ§Ã£o linguÃ­stica, porque sÃ³ uma das duas pronÃºncias
ocorre no portuguÃªs, enquanto a outra Ã© um desvio fonÃ©-
tico.",,B,Linguagens (LÃ­ngua Portuguesa/LinguÃ­stica),A,gemini/gemini-2.5-flash,20.8843,0.5
UNICAMP 26,"A rua Ã© nÃ³ix! Sempre com letra minÃºscula, porque nÃ£o Ã© o NÃ³s
da totalidade, uma vez que nÃ£o sabemos exatamente quem ou
quantos somos, quem faz parte ou nÃ£o, quem estÃ¡ dentro ou
fora. Mas, se pegar para um, vai pegar pra geral. O nÃ³ix Ã© sem-
pre mais que um. Mesmo sozinho, na missÃ£o, existe algo para
alÃ©m da presenÃ§a fÃ­sica do eu e do outro. Assumindo nossas
ancestralidades, convivemos com os espÃ­ritos daqueles que jÃ¡
se foram. O nÃ³ix opera pela lÃ³gica dos bondes de galera, do
lado A ou lado B. Quem Ã© amigo fecha com a gente, quem Ã©
alemÃ£o rala. Porque o fechamento Ã© o fundamento Ã©tico das
ruas. Recebe-se quem chega de boa, na paz, mas, se vacila, vai.
Com i e x, o nÃ³ix demarca um sotaque, um registro local, um
lugar, o PretuguÃªs de LÃ©lia Gonzalez. Desobedecendo Ã  instituÃ­da norma culta, o nÃ³ix â€“ escrito ou falado â€“ revela sua potÃªn-
cia operando Ã  margem da obediÃªncia Ã  linguagem fonÃ©tica
dominante. O nÃ³ix Ã© a potÃªncia da contaminaÃ§Ã£o diferencial
das diversidades de um povo em tempos e espaÃ§os mÃºltiplos,
que se repete numa atmosfera espectral que ultrapassa a lÃ³gica
temporal predominante.   Sobre a diferenÃ§a que o texto estabelece entre NÃ³s e nÃ³ix, po-
demos afirmar que estÃ¡ relacionada a uma distinÃ§Ã£o","sociocultural, pois esses termos se referem a grupos demar-
cados distintamente: enquanto NÃ³s Ã© bem delimitado, nÃ³ix
diz respeito a uma coletividade difusa, mas marcada por
compartilhar vivÃªncias especÃ­ficas.","gramatical, pois esses termos nÃ£o pertencem Ã  mesma clas-
se de palavras: enquanto NÃ³s Ã© um pronome tÃ­pico da nor-
ma culta, nÃ³ix Ã© um substantivo popular que serve Ã  expres-
sÃ£o da diversidade.","histÃ³rica, pois esses termos caracterizam os indivÃ­duos em
funÃ§Ã£o do seu passado: enquanto NÃ³s abrange aqueles sem
ancestralidade, nÃ³ix reÃºne os que assumem os ancestrais
como parte de sua histÃ³ria.","polÃ­tica, pois esses termos revelam uma polarizaÃ§Ã£o na for-
ma de se relacionar com o poder: enquanto NÃ³s simboliza
o apoio Ã  opressÃ£o social, nÃ³ix caracteriza uma rejeiÃ§Ã£o aos
poderes instituÃ­dos.",,A,Linguagens (LÃ­ngua Portuguesa/LinguÃ­stica),A,gemini/gemini-2.5-flash,16.965,0.5
UNICAMP 26,"A rua Ã© nÃ³ix! Sempre com letra minÃºscula, porque nÃ£o Ã© o NÃ³s
da totalidade, uma vez que nÃ£o sabemos exatamente quem ou
quantos somos, quem faz parte ou nÃ£o, quem estÃ¡ dentro ou
fora. Mas, se pegar para um, vai pegar pra geral. O nÃ³ix Ã© sem-
pre mais que um. Mesmo sozinho, na missÃ£o, existe algo para
alÃ©m da presenÃ§a fÃ­sica do eu e do outro. Assumindo nossas
ancestralidades, convivemos com os espÃ­ritos daqueles que jÃ¡
se foram. O nÃ³ix opera pela lÃ³gica dos bondes de galera, do
lado A ou lado B. Quem Ã© amigo fecha com a gente, quem Ã©
alemÃ£o rala. Porque o fechamento Ã© o fundamento Ã©tico das
ruas. Recebe-se quem chega de boa, na paz, mas, se vacila, vai.
Com i e x, o nÃ³ix demarca um sotaque, um registro local, um
lugar, o PretuguÃªs de LÃ©lia Gonzalez. Desobedecendo Ã  instituÃ­da norma culta, o nÃ³ix â€“ escrito ou falado â€“ revela sua potÃªn-
cia operando Ã  margem da obediÃªncia Ã  linguagem fonÃ©tica
dominante. O nÃ³ix Ã© a potÃªncia da contaminaÃ§Ã£o diferencial
das diversidades de um povo em tempos e espaÃ§os mÃºltiplos,
que se repete numa atmosfera espectral que ultrapassa a lÃ³gica
temporal predominante.    A partir das anÃ¡lises de LÃ©lia Gonzalez â€“ intelectual, professora
universitÃ¡ria, mulher, negra e feminista â€“ conseguimos compre-
ender quÃ£o extensa Ã© a introduÃ§Ã£o de palavras e termos de ori-
gens africanas na nossa lÃ­ngua. O PretuguÃªs Ã©, entÃ£o, parte da
africanizaÃ§Ã£o da lÃ­ngua portuguesa brasileira. As pessoas negras
escravizadas resistiam de inÃºmeras formas, lutando, fugindo,
se organizando, mas tambÃ©m atravÃ©s da fala, no jeito de agir e
na forma de viver que se enraizou na maneira de ser de todo o
Brasil. E isso vem da ancestralidade, Ã© o passar do conhecimen-
to atravÃ©s do tempo e das relaÃ§Ãµes de respeito pelo que veio
antes, atravÃ©s do cÃ¢ntico antigo, da reza falada, da contaÃ§Ã£o
de histÃ³ria que os entrelaÃ§os linguÃ­sticos vÃ£o formando. Muitos
vocÃ¡bulos estÃ£o tÃ£o acomodados no nosso idioma que sequer
paramos para pensar sua origem e seu significado. Mas sÃ£o de
origem africana, como dengo, quitanda, cafunÃ©, muvuca, ca-
Ã§ula e axÃ©.   Considerando esse texto, a menÃ§Ã£o ao â€œPretuguÃªs de LÃ©lia
Gonzalezâ€ no artigo de Marcelo JosÃ© Derzi Moraes, apresenta-
do na questÃ£o anterior, ocorre pelo fato de nÃ³ix ser","um vocÃ¡bulo introduzido no Brasil pelos africanos escraviza-
dos, da mesma forma que outras palavras de origem africa-
na acomodadas na lÃ­ngua.","uma expressÃ£o identitÃ¡ria que serve para demarcar os ne-
gros brasileiros e segregÃ¡-los dos demais grupos Ã©tnico-ra-
ciais que compÃµem o paÃ­s.","uma marca linguÃ­stica associada a um grupo cujos ancestrais
reÃºnem aqueles que contribuÃ­ram para a africanizaÃ§Ã£o do
portuguÃªs brasileiro.","um traÃ§o dialetal caracterÃ­stico dos sotaques urbanos brasi-
leiros que sÃ£o fortemente marcados pela presenÃ§a de pala-
vras africanas.",,C,Linguagens (LÃ­ngua Portuguesa/LinguÃ­stica),A,gemini/gemini-2.5-flash,19.4477,0.5
UNICAMP 26,"Em seu ensaio â€œA vida nÃ£o Ã© Ãºtilâ€, Ailton Krenak elege Carlos
Drummond de Andrade como um de seus â€œescudosâ€. Ele cita
a Ãºltima estrofe de â€œO Homem; as Viagensâ€, poema publicado
em As impurezas do Branco (1973). Reproduzimos, a seguir, a
primeira e a segunda estrofe desse poema:  â€œO Homem; as Viagens O homem, bicho da Terra tÃ£o pequeno
chateia-se na Terra
lugar de muita misÃ©ria e pouca diversÃ£o,
faz um foguete, uma cÃ¡psula, um mÃ³dulo
toca para a Lua
desce cauteloso na Lua
pisa na Lua
planta bandeirola na Lua
experimenta a Lua
coloniza a Lua
civiliza a Lua
humaniza a Lua.  Lua humanizada: tÃ£o igual Ã  Terra.
O homem chateia-se na Lua.
Vamos para Marte â€“ ordena a suas mÃ¡quinas.
Elas obedecem, o homem desce em Marte
pisa em Marte
experimenta
coloniza
civiliza
humaniza Marte com engenho e arte.  Marte humanizado, que lugar quadrado. (...)â€    Em relaÃ§Ã£o Ã s reflexÃµes de Ailton Krenak, Ã© correto afirmar que
esse trecho do poema","responsabiliza a ciÃªncia e tecnologia, desgastadas em seus
valores, pela corrosÃ£o das relaÃ§Ãµes nas sociedades contem-
porÃ¢neas.","mostra que os Homens, guiados pela ideia de progresso,
nÃ£o adotam uma postura consciente em relaÃ§Ã£o ao seu es-
paÃ§o.","evidencia que a Terra, desgastada em seus valores, foi supe-
rada pelos elementos da conquista espacial.","identifica a aniquilaÃ§Ã£o das sociedades contemporÃ¢neas nos
programas de governos persuadidos pelo progresso.",,B,Linguagens (Literatura),A,gemini/gemini-2.5-flash,15.7717,0.5
UNICAMP 26,"Leia os textos 1 e 2.   Texto 1
Aos Ã³culos SÃ³ fingem que pÃµem
o mundo ao alcance
dos meus olhos mÃ­opes. Na verdade, me exilam
dele com filtrar-lhe
a menor imagem. JÃ¡ nÃ£o vejo as coisas
como sÃ£o: vejo-as como eles querem
que as veja. Logo, sÃ£o eles que veem,
nÃ£o eu que, mesmo cÃ´nscio
do logro, lhes sou grato por anteciparem em mim
o Ã‰dipo curioso
de suas prÃ³prias trevas.    Texto 2
â€œDo grego odÃ© e do latim Åde (ou Åda), a ode era, na antigui-
dade clÃ¡ssica, um poema destinado a ser cantado, ou um canto
alegre, triste ou lÃ­rico. Era um poema de alguma extensÃ£o, de
elevado assunto ou nobre, expressando sentimentos ilustres,
em homenagem a algo ou a alguÃ©m. Apresentava tambÃ©m a
elaboraÃ§Ã£o estrÃ³fica, bem como estilo formal nobre e cerimo-
niosoâ€.    Ã‰ correto afirmar que a ode mÃ­nima de JosÃ© Paulo Paes reelabo-
ra a definiÃ§Ã£o clÃ¡ssica de â€œodeâ€ ao","respeitar a elevaÃ§Ã£o do assunto, a nobreza do tom e os sen-
timentos ilustres.","utilizar-se de um tom elevado e cerimonioso para a home-
nagem.","dirigir-se a um objeto, vinculando-se ao gÃªnero canÃ§Ã£o po-
pular.","celebrar um objeto fundamental, os Ã³culos, e nÃ£o algo/al-
guÃ©m ilustre.",,D,Linguagens (Literatura),A,gemini/gemini-2.5-flash,17.4781,0.5
UNICAMP 26,"No conto â€œRÃ©plicaâ€, que integra a coletÃ¢nea No seu pescoÃ§o,
de Chimamanda Adichie, a protagonista vive","o choque cultural, consequente das diÃ¡sporas africanas con-
temporÃ¢neas, reelaborado pelas observaÃ§Ãµes de Nkem.","as contradiÃ§Ãµes culturais, consequentes do processo de re-
colonizaÃ§Ã£o da NigÃ©ria, expressas pelos negÃ³cios ilÃ­citos de
Obiora.","a opressÃ£o feminina, consequente da falÃªncia do modelo
africano de sororidade, como no relato de Ijemamaka.","o sentimento de nacionalismo, consequente das saudades
de prÃ¡ticas culturais, como no estranhamento dos vizinhos
brancos (povo oyibo).",,A,Linguagens (Literatura),A,gemini/gemini-2.5-flash,11.6043,0.5
UNICAMP 26,"Leia a citaÃ§Ã£o a seguir, extraÃ­da do conto â€œPera, uva ou maÃ§Ã£?â€,
publicado no livro Morangos mofados, de Caio Fernando
Abreu, e assinale a alternativa correta sobre o excerto.   Foi entÃ£o que vi aquelas ameixas e achei tÃ£o bonitas e tÃ£o
vermelhas que pedi um quilo e era minha Ãºltima grana certo
porque meus pais nÃ£o me dÃ£o nada e daÃ­ eu pensei assim se
comprar essas ameixas agora vou ter que voltar a pÃ© para casa
mas que importa volto a pÃ© mesmo pode ser atÃ© que acorde um
pouco e aquela coisa lÃ¡ longe volte pra perto de mim e entÃ£o eu
vinha caminhando devagarinho as ameixas eu nÃ£o conseguia
parar de comer sabe jÃ¡ tinha comido acho que umas seis estava
toda melada quando dobrei a esquina aqui da rua e ia saindo
um caixÃ£o de defunto do sobrado amarelo na esquina certo
acho que era um caixÃ£o cheio quer dizer com defunto dentro
porque ia saindo e nÃ£o entrando certo e foi bem na hora que
eu dobrei nÃ£o deu tempo de parar nem de desviar daÃ­ entÃ£o
eu tropecei no caixÃ£o e as ameixas todas caÃ­ram assim paf! na
calÃ§ada e foi aÃ­ que eu reparei naquelas pessoas todas de preto
e Ã³culos escuros e lenÃ§os no nariz e uma porrada de coroas de
flores devia ser um defunto muito rico certo e aquele carro fÃº-
nebre ali parado e sÃ³ aÃ­ eu entendi que era um velÃ³rio.  ","A presenÃ§a de oraÃ§Ãµes como â€œfoi entÃ£o que viâ€, â€œfoi aÃ­ que
eu repareiâ€ e â€œsÃ³ aÃ­ eu entendiâ€ cria um efeito de retarda-
mento da narrativa, o que reflete o estado psicolÃ³gico de
apatia da personagem que fala.","A ausÃªncia de pontuaÃ§Ã£o cria um efeito de aceleraÃ§Ã£o da
narrativa, o que reflete o estado psicolÃ³gico de ansiedade
da personagem que fala.","A presenÃ§a de oraÃ§Ãµes como â€œfoi entÃ£o que viâ€, â€œfoi aÃ­ que
eu repareiâ€ e â€œsÃ³ aÃ­ eu entendiâ€ rompe a sequÃªncia tempo-
ral da narrativa, prejudicando o seu desenvolvimento lÃ³gico.","A ausÃªncia de pontuaÃ§Ã£o desorganiza a sequÃªncia das
aÃ§Ãµes da personagem, o que reflete sua confusÃ£o e causa
uma ambiguidade de sentido em sua narrativa.",,B,Linguagens (Literatura),A,gemini/gemini-2.5-flash,15.6996,0.5
UNICAMP 26,"O sineiro era um preto velho e doido. NÃ£o fazia mais que tocar
o sino da capela, para a missa, aos domingos. O resto do tem-
po vivia calado ou resmungando. NinguÃ©m lhe falava, embora
fosse manso. [...] Com a razÃ£o, perdera a convivÃªncia dos mais.
Vivia entregue aos pensamentos solitÃ¡rios, mergulhado na in-
consciÃªncia e na solidÃ£o. A moÃ§a representava aos olhos dele
alguma coisa mais do que uma simples criatura, era a sociedade
humana, e uma sombra de sombra da consciÃªncia antiga.  No enredo de Casa Velha, Ã© possÃ­vel afirmar que a cena em que
aparece a figura do sineiro cumpre o papel de","mostrar a solidariedade de classe desenvolvida por Lalau
que, sendo uma agregada, identifica seus interesses com os
do velho sineiro.","exibir o carÃ¡ter caridoso de Dona AntÃ´nia, que mantÃ©m o
escravizado sob seus cuidados mesmo apÃ³s deixar de ser Ãºtil
como trabalhador.","expor a Dona AntÃ´nia o sentimento existente entre Lalau e
seu filho, enquanto ele observa a compaixÃ£o da moÃ§a pelo
sineiro.","sugerir a complexidade da organizaÃ§Ã£o social caracterÃ­stica
da Casa Velha, na qual se via representada toda a sociedade
humana.",,C,Linguagens (Literatura),A,gemini/gemini-2.5-flash,14.6706,0.5
UNICAMP 26,"Leia os versos da canÃ§Ã£o abaixo e assinale a alternativa correta.  ALVORADA  Alvorada lÃ¡ no morro, que beleza,
NinguÃ©m chora, nÃ£o hÃ¡ tristeza,
NinguÃ©m sente dissabor.
O sol colorindo Ã© tÃ£o lindo, Ã© tÃ£o lindo.
E a natureza sorrindo, tingindo, tingindo.
VocÃª tambÃ©m me lembra a alvorada
Quando chega iluminando
Meus caminhos tÃ£o sem vida.
E o que me resta
Ã© bem pouco, quase nada,
do que ir assim vagando
numa estrada perdida.   ","O eu-lÃ­rico enfatiza a harmonia entre a cena idÃ­lica do morro
no momento da alvorada e a alegria de sua vida junto Ã 
pessoa amada.","O eu-lÃ­rico enfatiza um contraste entre a alegria da alvora-
da no morro e a pobreza das pessoas que habitam aquele
espaÃ§o.","A alvorada no morro Ã©, para o eu-lÃ­rico, como a imagem da
pessoa amada, que lhe traz alegria, apesar de sua desilusÃ£o
e desesperanÃ§a.","A alvorada no morro funciona, no poema, como imagem
do futuro que pode ser transformado pelo amor, apesar das
condiÃ§Ãµes de vida difÃ­ceis.",,C,Linguagens (Literatura/Arte),C,gemini/gemini-2.5-flash,10.6842,0.5
UNICAMP 26,"AviÃµes sÃ£o os Ãºnicos meios de transporte que cruzam continen-
tes em um dia. Apesar dos avanÃ§os em eficiÃªncia energÃ©tica,
as aeronaves contribuem com 3,5% do aquecimento global.
Por isso, existe o interesse em substituir o querosene usado por
essas aeronaves por hidrogÃªnio, com destaque para o uso do
hidrogÃªnio lÃ­quido combustÃ­vel. A tabela a seguir apresenta da-
dos desses dois tipos de combustÃ­veis na aviaÃ§Ã£o.  CombustÃ­velEnergia
combustÃ£o
(kJÂ·molâˆ’1)Densidade
do lÃ­quido
(gÂ·cmâˆ’3)Massa molar
(gÂ·molâˆ’1)
Querosene*67450,804153
HidrogÃªnio2400,0712
* valores mÃ©dios e aproximados.
CaracterÃ­sticas como massa e volume da aeronave sÃ£o fatores
importantes para seu desempenho. Levando em conta essa in-
formaÃ§Ã£o, para uma mesma quantidade de energia gerada pelo
combustÃ­vel, Ã© correto afirmar que o hidrogÃªnio Ã© melhor que
o querosene, pois",sua razÃ£o energia por volume Ã© maior.,o volume utilizado serÃ¡ menor.,sua razÃ£o energia por massa Ã© maior.,a massa utilizada serÃ¡ maior.,,C,CiÃªncias da Natureza (QuÃ­mica),P,gemini/gemini-2.5-flash,14.3072,0.5
UNICAMP 26,"A AgÃªncia Nacional do PetrÃ³leo (ANP) Ã© responsÃ¡vel por im-
plementar a polÃ­tica nacional de combustÃ­veis e proteger os in-
teresses dos consumidores quanto a preÃ§o, qualidade e oferta
de produtos, alÃ©m de especificar a qualidade dos derivados de
petrÃ³leo, do gÃ¡s natural e de seus derivados e dos biocombus-
tÃ­veis. Nesse sentido, a resoluÃ§Ã£o ANP 907, de 2022, especifica
algumas caracterÃ­sticas do Etanol Anidro CombustÃ­vel (EAC),
do Etanol Hidratado CombustÃ­vel (EHC) e do Etanol Hidratado
CombustÃ­vel Premium (EHCP). Algumas dessas caracterÃ­sticas
estÃ£o na tabela a seguir e nas alternativas.
CombustÃ­velMassa EspecÃ­fica
(kg/m3)Teor AlcoÃ³lico
(% massa)
EAC791,5 (a)99,3 (b)
EHC(c)entre 92,5 e 94,6
EHCP(d)entre 95,5 e 96,5     Considerando que Ã¡gua e etanol formam uma mistura ideal,
para preencher corretamente essa tabela, as letras a, b, c e d
devem corresponder, respectivamente, a",mÃ¡ximo; mÃ­nimo; entre 805 e 811 e entre 800 e 803.,mÃ­nimo; mÃ¡ximo; entre 805 e 811 e entre 800 e 803.,mÃ¡ximo; mÃ­nimo; entre 800 e 803 e entre 805 e 811.,mÃ­nimo; mÃ¡ximo; entre 800 e 803 e entre 805 e 811.,,A,CiÃªncias da Natureza (QuÃ­mica),A,gemini/gemini-2.5-flash,16.8542,0.5
ENEM 25,"â€” Vejo, disse ele com algum acanhamento, que o doutor nÃ£o
Ã© nenhum pÃ©-rapado, mas nunca Ã© bom facilitar... Minha filha
NocÃªncia fez 18 anos pelo Natal, e Ã© rapariga que pela feiÃ§Ã£o parece
moÃ§a de cidade, muito ariscazinha de modos, mas bonita e boa
deveras... Coitada, foi criada sem mÃ£e, e aqui nestes fundÃµes. [...]
â€” Ora muito que bem, continuou Pereira caindo aos poucos
na habitual garrulice, quando vi a menina tomar corpo, tratei
logo de casÃ¡-la.
â€” Ah! Ã© casada? perguntou Cirino.
â€” Isto Ã©, Ã© e nÃ£o Ã©. A coisa estÃ¡ apalavrada. Por aqui costuma
labutar no costeio do gado para SÃ£o Paulo um homem de mÃ£o-
cheia, que talvez o sr. conheÃ§a... o ManecÃ£o Doca...
â€” NÃ£o, respondeu Cirino abanando a cabeÃ§a.
â€” Pois isso Ã© um homem Ã s direitas, desempenado e trabucador
como ele sÃ³... fura estes sertÃµes todos e vem tangendo pontes de
gado que metem pasmo. TambÃ©m dizem que tem bichado muito
e ajuntado cobre grosso, o que Ã© possÃ­vel, porque nÃ£o Ã© gastador
nem dado a mulheres. Uma feita que estava aqui de pousada...
olhe, mesmo neste lugar onde estava mecÃª inda agorinha, falei-lhe
em casamento... isto Ã©, dei-lhe uns toques... porque os pais devem
tomar isso a si para bem de suas famÃ­lias; nÃ£o acha?
â€” Boa dÃºvida, aprovou Cirino, dou-lhe toda a razÃ£o; era
do seu dever.
TAUNAY, A. dâ€™E. InocÃªncia. DisponÃ­vel em: www.dominiopublico.gov.br.
Acesso em: 29 fev. 2024.
Nesse trecho, ao se referir Ã  sua filha, o pai de InocÃªncia reproduz
os ideais romÃ¢nticos, presentes na",valorizaÃ§Ã£o do ambiente rural na formaÃ§Ã£o moral da mulher.,figura decorativa da mulher ante o protagonismo masculino,equivalÃªncia de origem social para a harmonia do casal.,importÃ¢ncia do dote como condiÃ§Ã£o para o casamento.,aura de mistÃ©rio sobre a identidade da jovem.,B,figura decorativa da mulher ante o protagonismo masculino.,O,gemini/gemini-2.5-flash,20.1445,0.5
ENEM 25,"O MinistÃ©rio do Esporte no Brasil lanÃ§ou o programa MarÃ©
Inclusiva, em 2024, ano dos Jogos ParalÃ­mpicos de Paris. Esse
programa visa ampliar as oportunidades para pessoas com
deficiÃªncia que desejam praticar o surf. O parasurf Ã© a prÃ¡tica
do surf adaptada para permitir que pessoas com deficiÃªncia
pratiquem o esporte em todas as suas categorias, modalidades
e manifestaÃ§Ãµes. Para a Secretaria Nacional do Paradesporto,
a iniciativa Ã© mais do que um programa de esporte, Ã© uma
iniciativa que busca transformar vidas e promover a inclusÃ£o por
meio do parasurf, criando um legado de igualdade e respeito.
DisponÃ­vel em: www.gov.br/esporte. Acesso em: 6 set. 2024 (adaptado).
De acordo com esse texto, o programa voltado ao estÃ­mulo da
prÃ¡tica do parasurf evidencia a",adesÃ£o de diferentes paÃ­ses a programas inclusivos.,preocupaÃ§Ã£o polÃ­tica em atender a demandas paralÃ­mpicas.,importÃ¢ncia de uma polÃ­tica pÃºblica esportiva para a inclusÃ£o.,eficiÃªncia das iniciativas de inclusÃ£o em megaeventos esportivos.,"escassez de investimento em prÃ¡ticas corporais de aventura
na natureza.",C,importÃ¢ncia de uma polÃ­tica pÃºblica esportiva para a inclusÃ£o.,A,gemini/gemini-2.5-flash,11.8721,0.5
ENEM 25,"Art. 26-A. Nos estabelecimentos de ensino fundamental
e mÃ©dio, oficiais e particulares, torna-se obrigatÃ³rio o ensino
sobre HistÃ³ria e Cultura Afro-Brasileira.
Â§ 1Âº O conteÃºdo programÃ¡tico a que se refere o caput deste
artigo incluirÃ¡ o estudo da HistÃ³ria da Ãfrica e dos Africanos, a luta
dos negros no Brasil, a cultura negra brasileira e o negro na formaÃ§Ã£o
da sociedade nacional, resgatando a contribuiÃ§Ã£o do povo negro nas
Ã¡reas social, econÃ´mica e polÃ­tica pertinentes Ã  HistÃ³ria do Brasil.
Â§ 2Âº Os conteÃºdos referentes Ã  HistÃ³ria e Cultura Afro-
-Brasileira serÃ£o ministrados no Ã¢mbito de todo o currÃ­culo
escolar, em especial nas Ã¡reas de EducaÃ§Ã£o ArtÃ­stica e de
Literatura e HistÃ³ria Brasileiras.
BRASIL. Lei n. 10 639/2003. DisponÃ­vel em: www.gov.br/planalto.
Acesso em: 5 maio 2024.
O emprego da norma-padrÃ£o Ã© justificado nesse texto",pela especializaÃ§Ã£o de seu pÃºblico-alvo.,pela relevÃ¢ncia cultural de seu conteÃºdo.,pelos contextos pedagÃ³gicos em que circula.,pela importÃ¢ncia para os grupos Ã©tnico-raciais.,pelas caracterÃ­sticas do gÃªnero a que pertence.,E,pelas caracterÃ­sticas do gÃªnero a que pertence.,A,gemini/gemini-2.5-flash,9.9418,0.5
ENEM 25,"SÃ­mbolos
Eu e tu, ante a noite e o amplo desdobramento
do mar, fero, a estourar de encontro Ã  rocha nua...
Um sÃ­mbolo descubro aqui, neste momento
esta rocha, este mar... a minha vida e a tua.
O mar vem, o mar vai, nele hÃ¡ o gesto violento
de quem maltrata e, apÃ³s, se arrepende e recua.
Como compreendo bem da rocha o sentimento!
SÃ£o muito iguais, por certo, a minha mÃ¡goa e a sua.
Contemplo neste quadro a nossa triste vida;
tu Ã©s dÃºbio mar que, na sua inconsciÃªncia,
tem carinhos de amor e fÃºrias de demÃªncia!
Eu sou a dor estanque, a dor empedernida,
sou rocha a emergir de um cÃ´ncavo de areia,
imÃ³vel, muda, isenta e alheia ao mar, alheia. 
Nesse soneto, os traÃ§os da estÃ©tica simbolista sÃ£o resgatados
pelo eu lÃ­rico ao",rejeitar as emoÃ§Ãµes de â€œamorâ€ e â€œmÃ¡goaâ€.,expressar a dubiedade do olhar sobre o outro.,representar o â€œeuâ€ e o â€œtuâ€ como sujeitos volÃºveis.,associar a sua inconsciÃªncia a elementos da natureza.,metaforizar o conflito amoroso nas imagens de â€œmarâ€ e â€œrochaâ€.,E,metaforizar o conflito amoroso nas imagens de â€œmarâ€ e â€œrochaâ€.,A,gemini/gemini-2.5-flash,19.3216,0.5
ENEM 25,"Passando por aqui para lembrar algumas palavras, frases e expressÃµes que nos infernizaram em 2023. Inclusive passando
por aqui. Se vocÃª for proativo, vai achar que Ã© o novo normal. EstarÃ£o na sua zona de conforto. Mas, se for reativo como eu, vai
achar que Ã© uma narrativa que precisa ser ressignificada.
Ã‰ uma questÃ£o de empatia. Ã‰ sobre entregar um discurso mais robusto e empoderado. Sei bem que nÃ£o tenho lugar de fala
para harmonizar certos pontos fora da curva e que preciso aplicar toda a minha resiliÃªncia para fazer um realinhamento. O nÃ­vel
de fitness estÃ¡ hoje num sarrafo muito alto.
O fato Ã© que acho cringe essas falas fora da caixinha. AliÃ¡s, falar cringe jÃ¡ Ã© meio cringe. Preciso usar a superaÃ§Ã£o para me
reinventar e entender que resenha nÃ£o tem mais a ver com futebol, Ã© qualquer papo, desde que latente.
Pensando bem, nÃ£o Ã© tÃ£o difÃ­cil. Frases feitas sÃ£o aquelas que entram por um ouvido e saem pelo outro sem um estÃ¡gio
intermediÃ¡rio no cÃ©rebro. A boca fala por conta prÃ³pria, dispensando-nos de pensar. E nÃ£o tem problema nisso. Ou as ditas
frases se incorporam Ã  lÃ­ngua ou morrem e nascem outras. A lÃ­ngua Ã© assim. Simples assim.
CASTRO, R. DisponÃ­vel em: www1.folha.uol.com.br. Acesso em: 3 fev. 2024 (adaptado).
Nesse texto, a estratÃ©gia empregada para criticar a constante exposiÃ§Ã£o a palavras, frases e expressÃµes automatizadas Ã© o(a)",menÃ§Ã£o feita Ã  efemeridade de alguns usos linguÃ­sticos aleatÃ³rios.,subjetividade marcada pela reflexÃ£o que se desenvolve em primeira pessoa.,efeito estilÃ­stico da repetiÃ§Ã£o intencional da palavra â€œassimâ€ no Ãºltimo parÃ¡grafo.,seduÃ§Ã£o sugerida pelo envolvimento direto do leitor marcado nos usos de â€œvocÃªâ€ e â€œsuaâ€.,humor gerado pelo uso das estruturas linguÃ­sticas que sÃ£o objeto da reflexÃ£o desenvolvida.,E,humor gerado pelo uso das estruturas linguÃ­sticas que sÃ£o objeto da reflexÃ£o desenvolvida.,A,gemini/gemini-2.5-flash,12.9553,0.5
ENEM 25,"Do rÃ¡dio ao podcast
Desde a disseminaÃ§Ã£o do rÃ¡dio no Brasil, entre as dÃ©cadas de 1920 e 1930, principalmente no governo de GetÃºlio Vargas,
as pessoas passaram a dedicar uma parte de seu dia para escutar notÃ­cias, novelas, mÃºsicas e eventos esportivos em aparelhos
de som. O radiojornalismo, por sua vez, teve seu pontapÃ© inicial durante a RevoluÃ§Ã£o Constitucionalista (1932) e se desenvolveu
durante a Segunda Guerra Mundial (1939-1945).
Quando a TV surgiu, esperava-se que o rÃ¡dio fosse totalmente substituÃ­do, porÃ©m ele se manteve em alta, pois o sinal de televisÃ£o
nÃ£o cobria todos os lugares, diferentemente do rÃ¡dio. Com o surgimento da internet, dos smartphones e de outros dispositivos
mÃ³veis, o rÃ¡dio foi incorporado a essas novas tecnologias atÃ© o desenvolvimento da web rÃ¡dio e do podcast, mostrando-se um
meio de comunicaÃ§Ã£o versÃ¡til e democrÃ¡tico na Ã¡rea jornalÃ­stica.
Para um pesquisador da Universidade Federal de UberlÃ¢ndia (UFU), o rÃ¡dio nÃ£o se tornou obsoleto, visto que nÃ£o deixou de
ser consumido e se reinventou com o tempo. â€œO podcast Ã© uma continuaÃ§Ã£o, uma evoluÃ§Ã£o natural do rÃ¡dioâ€, opina.
ALVES, A.; ALVES, C. DisponÃ­vel em: https://comunica.ufu.br. Acesso em: 19 abr. 2024 (adaptado).
Ao abordar a trajetÃ³ria dos meios de comunicaÃ§Ã£o, esse texto propÃµe uma reflexÃ£o sobre a",tecnologia digital e seus desdobramentos no desenvolvimento da televisÃ£o.,evoluÃ§Ã£o da tecnologia digital com o predomÃ­nio do podcast sobre o rÃ¡dio.,permanÃªncia do rÃ¡dio e sua evoluÃ§Ã£o por meio da tecnologia digital.,influÃªncia da televisÃ£o sobre os programas de radiojornalismo.,interferÃªncia da tecnologia digital nas interaÃ§Ãµes humanas.,C,permanÃªncia do rÃ¡dio e sua evoluÃ§Ã£o por meio da tecnologia digital.,C,gemini/gemini-2.5-flash,8.6719,0.5
ENEM 25,"s funcionÃ¡rios de um zoolÃ³gico observaram um aumento
na taxa de mortalidade de aves aquÃ¡ticas por afogamento.
Um grupo de biÃ³logos analisou o comportamento das aves por
vÃ¡rias semanas e observou que elas apresentavam dificuldade
de flutuaÃ§Ã£o, por causa do encharcamento das penas com Ã¡gua.
O aumento na taxa de mortalidade dessas aves estava associado
a uma reduÃ§Ã£o na",dilataÃ§Ã£o do papo.,reposiÃ§Ã£o de penas das asas.,secreÃ§Ã£o da glÃ¢ndula uropigial.,formaÃ§Ã£o da membrana natatÃ³ria.,largura das cavidades de ossos pneumÃ¡ticos.,C,secreÃ§Ã£o da glÃ¢ndula uropigial.,C,gemini/gemini-2.5-flash,8.0669,0.5
ENEM 25,"A maioria dos seres vivos tem um relÃ³gio biolÃ³gico
(ciclo circadiano), que regula as mudanÃ§as metabÃ³licas e
comportamentais de acordo com o ciclo de 24 horas de
rotaÃ§Ã£o da Terra. Em 2015, um artigo publicado na revista
Science Advantage mostrou ser possÃ­vel a transferÃªncia dos
genes do relÃ³gio circadiano da cianobactÃ©ria Synechococcus
elongatus para o genoma da bactÃ©ria Escherichia coli, um
organismo nÃ£o circadiano.
CHEN, A. H. et al. Transplantability of a Circardian Lock
to Noncircardian Organism. Science Advantage,
n. 1, 2015 (adaptado).
EstarÃ£o presentes no organismo geneticamente modificado os
genes do","metabolismo de E. coli, apenas.","ciclo circadiano de E. coli, apenas.",metabolismo de S. elongatus e do ciclo circadiano de E. coli.,ciclo circadiano de S. elongatus e do metabolismo de E. coli,ciclo circadiano de S. elongatus e do ciclo circadiano de E. coli,D,ciclo circadiano de S. elongatus e do metabolismo de E. coli.,D,gemini/gemini-2.5-flash,7.6861,0.5
ENEM 25,"Os sapinhos-ponta-de-flecha constituem um grupo de
espÃ©cies encontradas na AmÃ©rica Central e do Sul. Seus venenos
sÃ£o obtidos por meio do consumo de algumas formigas e cupins
que se alimentam de plantas que contÃªm esses venenos. Esses
anfÃ­bios sÃ£o usados para envenenar as flechas das zarabatanas
dos caÃ§adores nativos. Quando capturados e criados em
condiÃ§Ãµes artificiais, ou quando nascidos em cativeiro, nÃ£o
sÃ£o tÃ³xicos.
BADIO, B. et al. Epibatidine: Discovery and Definition as a Potent
Analgesic and Nicotinic Agonist. Med. Chem. Res.,
n. 4, 1994 (adaptado).
A perda da capacidade de se obter a toxina nos nascidos em
cativeiro Ã© causada pela",diferenÃ§a de umidade entre os ambientes.,ausÃªncia de alimentaÃ§Ã£o natural.,adaptaÃ§Ã£o ao novo ambiente.,mudanÃ§a de comportamento.,variabilidade genÃ©tica.,B,ausÃªncia de alimentaÃ§Ã£o natural.,B,gemini/gemini-2.5-flash,8.9213,0.5
ENEM 25,"O monstro de gila, um lagarto encontrado em um deserto dos
Estados Unidos, apresenta adaptaÃ§Ãµes Ã  falta de alimento nesse
ambiente. Esse lagarto possui um hormÃ´nio que controla os nÃ­veis
de aÃ§Ãºcar em seu prÃ³prio sangue. Foi observado que esse hormÃ´nio
tambÃ©m controla os nÃ­veis de aÃ§Ãºcar no sangue de pessoas diabÃ©ticas.
RUSSELL, C. Ozempic e outros remÃ©dios inspirados em veneno de animais.
DisponÃ­vel em: www.bbc.com. Acesso em: 6 dez. 2024 (adaptado).
Considerando que animais de um mesmo grupo taxonÃ´mico
podem apresentar caracterÃ­sticas adaptativas semelhantes em
ambientes similares, onde seria mais provÃ¡vel encontrar lagartos
com essas caracterÃ­sticas no territÃ³rio brasileiro?",Cerrado.,Pampas.,Caatinga.,Restinga.,Pantanal.,C,Caatinga.,C,gemini/gemini-2.5-flash,8.5139,0.5
ENEM 25,"O sashimi (filÃ© de peixe cru) de baiacu Ã© uma iguaria muito
apreciada no JapÃ£o. Entretanto, sua ingestÃ£o pode causar a
morte por parada respiratÃ³ria, pois esse peixe contÃ©m uma
potente neurotoxina termoestÃ¡vel, a tetrodotoxina, que Ã©
produzida e armazenada nas gÃ´nadas e vÃ­sceras.
Que aÃ§Ã£o poderia evitar essa intoxicaÃ§Ã£o?",Criar os peixes em cativeiro.,Realizar a pesca com redes.,Consumir peixes cozidos ou fritos.,Preparar o peixe em condiÃ§Ãµes adequadas de higiene.,Manusear o peixe sem provocar o rompimento dos Ã³rgÃ£os internos.,E,"Manusear o peixe sem provocar o rompimento dos Ã³rgÃ£os
internos.",A,gemini/gemini-2.5-flash,25.6794,0.5
ENEM 25,"Existe um processo de purificaÃ§Ã£o de Ã¡gua em que sÃ£o
removidos os sais dissolvidos. A Ã¡gua que passa por esse processo
Ã© muito utilizada em laboratÃ³rios de quÃ­mica, em indÃºstrias
(como solvente), em baterias de carros etc. Entretanto, esse
tipo de Ã¡gua nÃ£o Ã© adequado para ingestÃ£o, pois pode causar
problemas de saÃºde, como carÃªncia iÃ´nica e diarreia.
Essa Ã¡gua Ã© chamada de",dura.,pesada.,sanitÃ¡ria.,destilada.,oxigenada,D,destilada,D,gemini/gemini-2.5-flash,7.8844,0.5
ENEM 25,"Golden Rice, ou arroz dourado, Ã© uma variedade de arroz
enriquecida em betacaroteno, precursor da vitamina A.
Foi desenvolvida para ajudar a combater a doenÃ§a decorrente
da deficiÃªncia dessa vitamina. Para a obtenÃ§Ã£o dessa variedade
de arroz, foram utilizados mÃ©todos de engenharia genÃ©tica.
BORÃ‰M, A.; SANTOS, F. R. entendendo a biotecnologia.
ViÃ§osa: UFV, 2008 (adaptado).
Esse alimento contribui para diminuir a carÃªncia associada a
qual doenÃ§a?",Hemofilia.,Escorbuto,Raquitismo,Cegueira noturna.,Anemia perniciosa.,D,Cegueira noturna.,D,gemini/gemini-2.5-flash,7.3112,0.5
ENEM 25,"As cangas sÃ£o ambientes resultantes da atuaÃ§Ã£o, ao longo
de milhÃµes de anos, de chuvas, enxurradas, calor e ventos em
rochas ricas em ferro. SÃ£o compostas por atÃ© 90% de Ã³xidos
de ferro e contÃªm solos muito Ã¡cidos, rasos, com reduzidos
Ã­ndices de fertilidade e temperaturas que atingem quase 70 Â°Â°C
na superfÃ­cie. Ao contrÃ¡rio do que se imagina, esse tipo de
ambiente abriga comunidades de plantas e animais com elevado
nÃºmero de espÃ©cies e distribuiÃ§Ã£o restrita.
CARMO, F. F. et al. Ilhas de ferro estratÃ©gicas para a conservaÃ§Ã£o.
DisponÃ­vel em: http://cienciahoje.org.br.
Acesso em: 2 dez. 2018 (adaptado).
A seleÃ§Ã£o adaptativa nesses ambientes favorece a ocorrÃªncia
de espÃ©cies",exÃ³ticas.,migratÃ³rias.,endÃªmicas.,dominantes,generalistas,C,endÃªmicas,A,gemini/gemini-2.5-flash,11.9905,0.5
ENEM 25,"A dimetilamina Ã© uma substÃ¢ncia de elevada toxidez que
entra em ebuliÃ§Ã£o a 7 Â°Â°C. Na madrugada de um dia frio, essa
substÃ¢ncia se espalhou por uma rodovia apÃ³s um acidente de
trÃ¢nsito envolvendo um caminhÃ£o que transportava esse produto.
Para minimizar a agressÃ£o ao meio ambiente, bem como evitar
a evaporaÃ§Ã£o da dimetilamina com a elevaÃ§Ã£o da temperatura
ao longo do dia, um quÃ­mico considerou o uso de algumas
substÃ¢ncias ou misturas como Ã¡gua, vinagre, Ã³leo de soja, sal
de cozinha e bicarbonato de sÃ³dio.
Dentre as opÃ§Ãµes apresentadas, o tratamento correto para
minimizar esse problema Ã© usar",Ã¡gua,vinagre,Ã³leo de soja.,sal de cozinha.,bicarbonato de sÃ³dio.,B,vinagre.,B,gemini/gemini-2.5-flash,10.2329,0.5
ENEM 25,"Apaixonada por culinÃ¡ria e quÃ­mica, uma chefe de cozinha
calculou que, para promover o crescimento adequado da
massa durante o cozimento de um bolo a 180 Â°Â°C (453 K) e
1,00 atm, ela precisaria utilizar uma quantidade de fermento
quÃ­mico suficiente para produzir um volume de gÃ¡s igual a
4,00 L. Com esse objetivo, ela escolheu utilizar o bicarbonato de
amÃ´nio, um composto que, sob aquecimento, degrada-se em
trÃªs gases distintos, que sÃ£o os responsÃ¡veis pelo crescimento
da massa. A decomposiÃ§Ã£o do bicarbonato de amÃ´nio ocorre
conforme a equaÃ§Ã£o quÃ­mica apresentada e, nas condiÃ§Ãµes do
cozimento, seu rendimento Ã© de 80%.
NH4HCO 3 (s) â†’ NH3 (g) + CO 2 (g) + H2O (g)
Considere que a mistura dos gases se comporta como gÃ¡s
ideal nas condiÃ§Ãµes de cozimento utilizadas pela chefe.
Dados: Massa molar do NH 4 HCO 3 = 79 g â‹… molâˆ’1 e
R = 0,082 atm â‹… L â‹… molâˆ’1 â‹… Kâˆ’1 .
A massa, em grama, de bicarbonato de amÃ´nio que ela deve
utilizar Ã© mais prÃ³xima de","2,3 g"," 3,5 g","5,9 g","6,8 g.","8,9 g.",B,"3,5 g.",P,gemini/gemini-2.5-flash,14.0905,0.5
ENEM 25,"O Brasil Ã© o maior produtor mundial de niÃ³bio (massa
molar = 93 g molâˆ’1 ), metal utilizado na fabricaÃ§Ã£o de
vÃ¡rios tipos de aÃ§o: automotivos, estruturais e inoxidÃ¡veis.
O processo utilizado na produÃ§Ã£o do niÃ³bio Ã© a reduÃ§Ã£o
aluminotÃ©rmica de Nb 2 O 5 com excesso de 10% de Al (massa
molar = 27 g molâˆ’1 ), em relaÃ§Ã£o Ã  quantidade estequiomÃ©trica
da reaÃ§Ã£o, representada pela equaÃ§Ã£o quÃ­mica:
3 Nb2O 5 (s) + 10 Al (s) â†’ 6 Nb (s) + 5 Al2O 3 (s)
Uma engenheira metalÃºrgica estimou a massa de alumÃ­nio
necessÃ¡ria para produzir 9,3 kg de niÃ³bio, nas condiÃ§Ãµes descritas,
para a produÃ§Ã£o de um lote de peÃ§as de aÃ§o encomendado por
uma indÃºstria, considerando um rendimento de 100%.
DisponÃ­vel em: www.cbmm.com.br. Acesso em: 17 out. 2015 (adaptado).
A massa de alumÃ­nio, em quilograma, estimada pela engenheira
Ã© mais prÃ³xima de","2,7 kg.","3,0 kg","4,1 kg.","4,5 kg","5,0 kg.",E,"5,0 kg.",P,gemini/gemini-2.5-flash,14.7209,0.5
ENEM 25,"Uma pessoa pretende instalar um kit de gÃ¡s natural veicular (GNV) em seu carro. Na loja que escolheu para realizar a compra
e instalaÃ§Ã£o desse kit, havia cinco modelos de cilindro para armazenamento do gÃ¡s, cujas capacidades, em metro cÃºbico, eram,
respectivamente: 10, 14, 17, 21 e 25. O preÃ§o do cilindro Ã© proporcional Ã  sua capacidade. Esse carro rodarÃ¡ 30 km diariamente,
7 dias por semana, e o consumo do GNV Ã© de 1 m3 a cada 13 km rodados. A pessoa escolherÃ¡ o modelo de cilindro de menor
preÃ§o e que garanta apenas um abastecimento semanal.
Nessas condiÃ§Ãµes, qual serÃ¡ a capacidade, em metro cÃºbico, do cilindro escolhido por essa pessoa?",10,14,17,21,25,C,17,C,gemini/gemini-2.5-flash,10.0442,0.5
